{"sections":{"398b4238-cad8-4367-8034-b6d0afdd4659":{"type":"section-slideshow-v2","blocks":{"template--21388417007929__398b4238-cad8-4367-8034-b6d0afdd4659-slideshow-1":{"type":"slideshow","settings":{"select_position_content":"left","img_slide":"shopify:\/\/shop_images\/s9.jpg","sub_title":"Style Perfectionist!","color_sub_title":"#000000","title_slide":"Our best quality","color_title":"#000000","desc_slide":"Order online and have your products delivered<br>to your closest store for free","color_desc_slide":"#000000","btn_slide":"SHOP NOW","bg_color_block_button":"#000000","color_block_button":"#ffffff","bg_color_hover_button":"#004e3c","color_hover_text":"#ffffff","url_btn":"shopify:\/\/collections\/all"}},"template--21388417007929__398b4238-cad8-4367-8034-b6d0afdd4659-slideshow-2":{"type":"slideshow","settings":{"select_position_content":"left","img_slide":"shopify:\/\/shop_images\/s8.jpg","sub_title":"Discount 90%","color_sub_title":"#000000","title_slide":"food safety","color_title":"#000000","desc_slide":"Order online and have your products delivered<br>to your closest store for free","color_desc_slide":"#000000","btn_slide":"SHOP NOW","bg_color_block_button":"#000000","color_block_button":"#ffffff","bg_color_hover_button":"#004e3c","color_hover_text":"#ffffff","url_btn":"shopify:\/\/collections\/all"}}},"block_order":["template--21388417007929__398b4238-cad8-4367-8034-b6d0afdd4659-slideshow-1","template--21388417007929__398b4238-cad8-4367-8034-b6d0afdd4659-slideshow-2"],"settings":{"margin_top":"","margin_bottom":""}},"ba2f77bf-fb78-4cf5-889a-984e45eb2b87":{"type":"section-banner-v9","settings":{"banner_img1":"shopify:\/\/shop_images\/ba1.jpg","title_banner1":"Cherry tomato","url_button_banner1":"shopify:\/\/collections\/all","banner_img2":"shopify:\/\/shop_images\/ba2.jpg","title_banner2":"purple onion","url_button_banner2":"shopify:\/\/collections\/all","title_banner3":"New Arrival Sale","url_button_banner3":"shopify:\/\/collections\/all","color_btn":"#ffffff","color_btn_hover":"#ffffff","margin_top":"","margin_bottom":""}},"368f98f0-9827-49bc-841f-5361f6ba9cde":{"type":"section-product-v3","settings":{"ena_container":false,"title_heading":"Best Seller","color_title":"#222222","sub_title":"Best Seller Product This Week!","color_sub_title":"#666666","select_collection":"frontpage","products_limit":8,"margin_top":"","margin_bottom":""}},"497c3690-e64e-4fab-84a2-cf2d9c7da461":{"type":"section-banner-v7","settings":{"margin_top":"","margin_bottom":"","ena_container":false,"ena_margin_top":true,"title_banner":"Vegetable store","color_title":"#ffffff","content_banner":"Up to 20% off for you","color_content_banner":"#ffffff","button_banner":"SHOP NOW","color_btn":"#000000","bg_btn":"#ffffff","color_btn_hover":"#ffffff","bg_btn_hover":"#004e3c","url_button":"shopify:\/\/collections\/all","img_banner":"shopify:\/\/shop_images\/ba13.jpg"}},"52f6181d-11d3-4c27-8bf3-1d2b693a66b7":{"type":"section-flash-sale","settings":{"margin_top":"","margin_bottom":"","enable_mt":false,"select_width":"full","ena_background_image":false,"bg_color":"#f1f1f1","title_section_product":"New Arrivals","color_title":"#000000","select_collection":"new","products_limit":10,"color_title_product":"#000000","color_price":"#979797"}},"e21d496d-5599-47ac-be4e-245bba78f67c":{"type":"section-blog-v2","settings":{"bg_section_color":"#fbf3f0","section_title":"Our Blogs","color_title":"#222222","description_title":"A collection of stories about the people andplaces we admire.","color_sub_title":"#666666","select_blog":"news","blogs_limit":3,"enable_category":true,"enable_date":true,"enable_title":true,"enable_excerpt":true,"margin_top":"","margin_bottom":""}}},"order":["398b4238-cad8-4367-8034-b6d0afdd4659","ba2f77bf-fb78-4cf5-889a-984e45eb2b87","368f98f0-9827-49bc-841f-5361f6ba9cde","497c3690-e64e-4fab-84a2-cf2d9c7da461","52f6181d-11d3-4c27-8bf3-1d2b693a66b7","e21d496d-5599-47ac-be4e-245bba78f67c"]}