{"sections":{"7e63f37f-643f-493b-9006-b4fd610003bf":{"type":"section-slideshow-v1","blocks":{"template--21388417007929__7e63f37f-643f-493b-9006-b4fd610003bf-slideshow-1":{"type":"slideshow","settings":{"select_position_content":"left","select_textalign_content":"left","bg_slider":"shopify:\/\/shop_images\/s7.jpg","block_subtitle":"Vegetable Shop","color_subtitle":"#000000","font_size_subtitle":20,"fonts_subtitle":"","effect_subtitle":"bounce","block_title":"baby cucumber","font_size_title":70,"fonts_title":"","effect_title":"bounce","color_title":"#111111","block_buton":"Shop now","block_url":"shopify:\/\/collections\/all","font_size_button":14,"fonts_button":"","effect_button":"bounce","color_block_button":"#ffffff","bg_color_block_button":"#000000","color_block_button_hover":"#ffffff","bg_color_block_button_hover":"#004e3c"}},"template--21388417007929__7e63f37f-643f-493b-9006-b4fd610003bf-slideshow-2":{"type":"slideshow","settings":{"select_position_content":"left","select_textalign_content":"left","bg_slider":"shopify:\/\/shop_images\/s6.jpg","block_subtitle":"Vegetable Shop","color_subtitle":"#000000","font_size_subtitle":20,"fonts_subtitle":"","effect_subtitle":"bounce","block_title":"Modern HandBag","font_size_title":70,"fonts_title":"","effect_title":"bounce","color_title":"#111111","block_buton":"Shop now","block_url":"shopify:\/\/collections\/all","font_size_button":14,"fonts_button":"","effect_button":"bounce","color_block_button":"#ffffff","bg_color_block_button":"#000000","color_block_button_hover":"#ffffff","bg_color_block_button_hover":"#004e3c"}}},"block_order":["template--21388417007929__7e63f37f-643f-493b-9006-b4fd610003bf-slideshow-1","template--21388417007929__7e63f37f-643f-493b-9006-b4fd610003bf-slideshow-2"],"settings":{"color_arrows":"#ffffff","margin_top":"","margin_bottom":""}},"51241319-e517-4609-a182-72ce63e73a41":{"type":"section-banner-v10","settings":{"margin_top":"","margin_bottom":"","fonts_sub_1":"Quentin","img_banner1":"shopify:\/\/shop_images\/ba10.jpg","title_banner1":"tomato","color_title1":"#ffffff","button_1":"Discover Now","url_button1":"shopify:\/\/collections\/all","img_banner2":"shopify:\/\/shop_images\/ba11.jpg","title_banner2":"potato","color_title2":"#ffffff","button_2":"Discover Now","url_button2":"shopify:\/\/collections\/all","img_banner3":"shopify:\/\/shop_images\/ba12.jpg","title_banner3":"cucumber","color_title3":"#ffffff","button_3":"Discover Now","url_button3":"shopify:\/\/collections\/all","color_btn":"#ffffff","color_btn_hover":"#ffffff"}},"9efac9d8-cc77-48de-a92c-aa73046579f6":{"type":"section-product-v3","settings":{"ena_container":true,"title_heading":"Best Seller","color_title":"#222222","sub_title":"Best Seller Product This Week!","color_sub_title":"#666666","select_collection":"new","products_limit":8,"margin_top":"","margin_bottom":""}},"a2000ca6-6b55-4f11-b244-d93317114e83":{"type":"section-product-v8","settings":{"bg_count":"#f1f1f1","img_bg":"shopify:\/\/shop_images\/bg-product.jpg","title_heading":"DEALS OF THE DAY","color_title":"#000000","select_collection":"countdown","products_limit":2,"margin_top":"","margin_bottom":""}},"4240e27b-86eb-430f-aa05-8710a83f428e":{"type":"section-product-v7","settings":{"margin_top":"","margin_bottom":"","block_title1":"Featured Products","select_collection1":"new","products_limit1":6}},"2f96a824-54fb-46d3-9d36-a42f623db799":{"type":"section-newsletter-v1","settings":{"select_style":"style_1","select_width":"full","style_bg":"color","bg_color":"#d1e7e1","bg_color_newletter":"","bg_color_inputnewletter":"","border_color_newletter":"#ffffff","url_banner":"shopify:\/\/collections\/all","title_newletter":"GET UPDATE","color_title":"","content_newletter":"Subscribe our newsletter and get<br>discount 30% off","color_content":"","margin_top":"","margin_bottom":""}},"6316e285-2000-4a17-8712-00fa13a319d9":{"type":"section-instagram-v4","settings":{"title_content":"Shop INSTAGRAM","subtitle":"@ginar on instagram.","ins_userid":"","ins_access_token":"3672948962.0f64772.430edb7f711e4665b59777c54d1ed9ce","ins_limit_number":"6","margin_top":"70","margin_bottom":""}}},"order":["7e63f37f-643f-493b-9006-b4fd610003bf","51241319-e517-4609-a182-72ce63e73a41","9efac9d8-cc77-48de-a92c-aa73046579f6","a2000ca6-6b55-4f11-b244-d93317114e83","4240e27b-86eb-430f-aa05-8710a83f428e","2f96a824-54fb-46d3-9d36-a42f623db799","6316e285-2000-4a17-8712-00fa13a319d9"]}