{"sections":{"ff0bf6c3-bf06-4fac-a867-be24c232e9e9":{"type":"section-slideshow-v3","blocks":{"template--21388417007929__ff0bf6c3-bf06-4fac-a867-be24c232e9e9-slideshow-1":{"type":"slideshow","settings":{"backgroud_slide":"shopify:\/\/shop_images\/s10.jpg","select_pos":"center","select_textalign_content":"center","block_title":"fresh vegetable","color_title":"#ffffff","font_size_title":70,"block_subtitle":"We provide you with guaranteed good food","color_subtitle":"#ffffff","font_size_sub_title":18,"block_buton":"Shop now","block_url":"shopify:\/\/collections\/all","font_size_button":14,"color_button":"#000000","bg_color_button":"#ffffff","color_button_hover":"#ffffff","bg_color_button_hover":"#004e3c"}},"template--21388417007929__ff0bf6c3-bf06-4fac-a867-be24c232e9e9-slideshow-2":{"type":"slideshow","settings":{"backgroud_slide":"shopify:\/\/shop_images\/s11.jpg","select_pos":"center","select_textalign_content":"center","block_title":"food safety","color_title":"#ffffff","font_size_title":70,"block_subtitle":"We provide you with guaranteed good food","color_subtitle":"#ffffff","font_size_sub_title":18,"block_buton":"Shop now","block_url":"shopify:\/\/collections\/all","font_size_button":14,"color_button":"#000000","bg_color_button":"#ffffff","color_button_hover":"#ffffff","bg_color_button_hover":"#004e3c"}}},"block_order":["template--21388417007929__ff0bf6c3-bf06-4fac-a867-be24c232e9e9-slideshow-1","template--21388417007929__ff0bf6c3-bf06-4fac-a867-be24c232e9e9-slideshow-2"],"settings":{"margin_top":"","margin_bottom":""}},"64fac339-415c-40b0-a068-762a87696d5a":{"type":"section-product-v4","blocks":{"template--21388417007929__64fac339-415c-40b0-a068-762a87696d5a-collection-1":{"type":"collection","settings":{"select_collection":"frontpage","products_limit":3}},"template--21388417007929__64fac339-415c-40b0-a068-762a87696d5a-collection-2":{"type":"collection","settings":{"select_collection":"new","products_limit":3}},"template--21388417007929__64fac339-415c-40b0-a068-762a87696d5a-collection-3":{"type":"collection","settings":{"select_collection":"new-1","products_limit":3}},"7a7e913b-be7b-4841-ba1d-578671e9e27e":{"type":"collection","settings":{"select_collection":"frontpage","products_limit":3}}},"block_order":["template--21388417007929__64fac339-415c-40b0-a068-762a87696d5a-collection-1","template--21388417007929__64fac339-415c-40b0-a068-762a87696d5a-collection-2","template--21388417007929__64fac339-415c-40b0-a068-762a87696d5a-collection-3","7a7e913b-be7b-4841-ba1d-578671e9e27e"],"settings":{"img_bg":"shopify:\/\/shop_images\/bg-product.jpg","title":"FEATURED PRODUCTS","color_title":"#004e3c","margin_top":"","margin_bottom":""}},"8acdd12e-2e80-495b-b135-46bfcfa0ab51":{"type":"section-banner-v1","settings":{"sub_banner1":"INNOVATION & CONFORT.","color_sub_heading":"#000000","title_banner":"DISCOVER OUR FEATURES","color_title_heading":"#000000","banner_img1":"shopify:\/\/shop_images\/ba6.jpg","title_banner1":"salad","button_banner1":"Shop Now","url_button_banner1":"shopify:\/\/collections\/all","banner_img2":"shopify:\/\/shop_images\/ba8.jpg","title_banner2":"potato","button_banner2":"Shop now","url_button_banner2":"shopify:\/\/collections\/all","banner_img3":"shopify:\/\/shop_images\/ba7.jpg","title_banner3":"purple cabbage","button_banner3":"Shop now","url_button_banner3":"shopify:\/\/collections\/all","banner_img4":"shopify:\/\/shop_images\/ba9.jpg","title_banner4":"tomato","button_banner4":"Shop now","url_button_banner4":"shopify:\/\/collections\/all","color_title":"#ffffff","color_btn":"#ffffff","color_btn_hover":"#ffffff","margin_top":"","margin_bottom":""}},"368f98f0-9827-49bc-841f-5361f6ba9cde":{"type":"section-product-v3","settings":{"ena_container":false,"title_heading":"Best Seller","color_title":"#222222","sub_title":"Best Seller Product This Week!","color_sub_title":"#666666","select_collection":"frontpage","products_limit":8,"margin_top":"","margin_bottom":""}},"2f96a824-54fb-46d3-9d36-a42f623db799":{"type":"section-newsletter-v1","settings":{"select_style":"style_1","select_width":"full","style_bg":"color","bg_color":"#d1e7e1","bg_color_newletter":"","bg_color_inputnewletter":"","border_color_newletter":"#ffffff","url_banner":"shopify:\/\/collections\/all","title_newletter":"GET UPDATE","color_title":"","content_newletter":"Subscribe our newsletter and get<br>discount 30% off","color_content":"","margin_top":"","margin_bottom":""}}},"order":["ff0bf6c3-bf06-4fac-a867-be24c232e9e9","64fac339-415c-40b0-a068-762a87696d5a","8acdd12e-2e80-495b-b135-46bfcfa0ab51","368f98f0-9827-49bc-841f-5361f6ba9cde","2f96a824-54fb-46d3-9d36-a42f623db799"]}