{"sections":{"b7430771-ad9c-43ee-b9fa-642f77f1be41":{"type":"section-slideshow-v1","blocks":{"template--19264331153694__b7430771-ad9c-43ee-b9fa-642f77f1be41-1685954787eaa08ef4-1":{"type":"slideshow","settings":{"select_position_content":"left","select_textalign_content":"left","bg_slider":"shopify:\/\/shop_images\/s1.jpg","block_subtitle":"Vegetables Store","color_subtitle":"#111111","font_size_subtitle":20,"fonts_subtitle":"","effect_subtitle":"bounce","block_title":"fresh broccoli","font_size_title":70,"fonts_title":"","effect_title":"bounce","color_title":"#111111","block_buton":"Shop now","block_url":"shopify:\/\/collections\/all","font_size_button":14,"fonts_button":"","effect_button":"bounce","color_block_button":"#ffffff","bg_color_block_button":"#111111","color_block_button_hover":"#ffffff","bg_color_block_button_hover":"#004e3c"}},"template--19264331153694__b7430771-ad9c-43ee-b9fa-642f77f1be41-1685954787eaa08ef4-0":{"type":"slideshow","settings":{"select_position_content":"left","select_textalign_content":"left","bg_slider":"shopify:\/\/shop_images\/s2.jpg","block_subtitle":"Vegetables Store","color_subtitle":"#111111","font_size_subtitle":20,"fonts_subtitle":"","effect_subtitle":"bounce","block_title":"fresh vegetable","font_size_title":70,"fonts_title":"","effect_title":"bounce","color_title":"#111111","block_buton":"Shop now","block_url":"shopify:\/\/collections\/all","font_size_button":14,"fonts_button":"","effect_button":"bounce","color_block_button":"#ffffff","bg_color_block_button":"#111111","color_block_button_hover":"#ffffff","bg_color_block_button_hover":"#004e3c"}}},"block_order":["template--19264331153694__b7430771-ad9c-43ee-b9fa-642f77f1be41-1685954787eaa08ef4-1","template--19264331153694__b7430771-ad9c-43ee-b9fa-642f77f1be41-1685954787eaa08ef4-0"],"settings":{"color_arrows":"#ffffff","margin_top":"","margin_bottom":""}},"9330c436-2970-4eb3-8ab6-d56cb89ecee5":{"type":"section-service-v2","blocks":{"template--21388417007929__9330c436-2970-4eb3-8ab6-d56cb89ecee5-service-1":{"type":"service","settings":{"block_number":"1","background_banner":"#ffffff","img_icon":"shopify:\/\/shop_images\/icon2v2.png","block_title":"FREE SHIPPING","block_content":"For all order over $99"}},"template--21388417007929__9330c436-2970-4eb3-8ab6-d56cb89ecee5-service-2":{"type":"service","settings":{"block_number":"2","background_banner":"#ffffff","img_icon":"shopify:\/\/shop_images\/icon1v1.png","block_title":"DELIVERY ON TIME","block_content":"Definition and measurement"}},"template--21388417007929__9330c436-2970-4eb3-8ab6-d56cb89ecee5-service-3":{"type":"service","settings":{"block_number":"3","background_banner":"#ffffff","img_icon":"shopify:\/\/shop_images\/icon3v3.png","block_title":"SECURE PAMENT","block_content":"100% secure payment"}}},"block_order":["template--21388417007929__9330c436-2970-4eb3-8ab6-d56cb89ecee5-service-1","template--21388417007929__9330c436-2970-4eb3-8ab6-d56cb89ecee5-service-2","template--21388417007929__9330c436-2970-4eb3-8ab6-d56cb89ecee5-service-3"],"settings":{"margin_top":"","margin_bottom":"","bg_section":"#fcf6f5"}},"be6832c0-3d24-45eb-a2cf-88619e1772fb":{"type":"section-product-v3","settings":{"ena_container":true,"title_heading":"Best Seller","color_title":"#222222","sub_title":"Best Seller Product This Week!","color_sub_title":"#666666","select_collection":"frontpage","products_limit":8,"margin_top":"","margin_bottom":""}},"ba2f77bf-fb78-4cf5-889a-984e45eb2b87":{"type":"section-banner-v9","settings":{"banner_img1":"shopify:\/\/shop_images\/ba1.jpg","title_banner1":"Cherry tomato","url_button_banner1":"shopify:\/\/collections\/all","banner_img2":"shopify:\/\/shop_images\/ba2.jpg","title_banner2":"purple onion","url_button_banner2":"shopify:\/\/collections\/all","title_banner3":"New Arrival Sale","url_button_banner3":"shopify:\/\/collections\/all","color_btn":"#ffffff","color_btn_hover":"#ffffff","margin_top":"","margin_bottom":""}},"64fac339-415c-40b0-a068-762a87696d5a":{"type":"section-product-v4","blocks":{"template--21388417007929__64fac339-415c-40b0-a068-762a87696d5a-collection-1":{"type":"collection","settings":{"select_collection":"frontpage","products_limit":3}},"template--21388417007929__64fac339-415c-40b0-a068-762a87696d5a-collection-2":{"type":"collection","settings":{"select_collection":"new","products_limit":3}},"template--21388417007929__64fac339-415c-40b0-a068-762a87696d5a-collection-3":{"type":"collection","settings":{"select_collection":"new-1","products_limit":3}},"7a7e913b-be7b-4841-ba1d-578671e9e27e":{"type":"collection","settings":{"select_collection":"frontpage","products_limit":3}}},"block_order":["template--21388417007929__64fac339-415c-40b0-a068-762a87696d5a-collection-1","template--21388417007929__64fac339-415c-40b0-a068-762a87696d5a-collection-2","template--21388417007929__64fac339-415c-40b0-a068-762a87696d5a-collection-3","7a7e913b-be7b-4841-ba1d-578671e9e27e"],"settings":{"img_bg":"shopify:\/\/shop_images\/bg-product.jpg","title":"FEATURED PRODUCTS","color_title":"#004e3c","margin_top":"","margin_bottom":""}},"0974c084-74da-447d-a876-427d5e0131dc":{"type":"section-blog-v3","settings":{"ena_container":true,"section_title":"Our Blog","color_title":"#111111","select_blog":"news","blogs_limit":2,"enable_description":true,"button_name":"Read More","margin_top":"70","margin_bottom":"30"}}},"order":["b7430771-ad9c-43ee-b9fa-642f77f1be41","9330c436-2970-4eb3-8ab6-d56cb89ecee5","be6832c0-3d24-45eb-a2cf-88619e1772fb","ba2f77bf-fb78-4cf5-889a-984e45eb2b87","64fac339-415c-40b0-a068-762a87696d5a","0974c084-74da-447d-a876-427d5e0131dc"]}