{"sections":{"6571fe20-e7d0-449b-9f11-ee768592d893":{"type":"section-slideshow-v4","blocks":{"template--21388417007929__6571fe20-e7d0-449b-9f11-ee768592d893-slideshow-3":{"type":"slideshow","settings":{"block_banerimage":"shopify:\/\/shop_images\/s4.jpg","sub_title":"DEROS FURNITURE","color_sub_title":"#ffffff","title_slide":"fresh vegetable","color_title_slide":"#ffffff","block_url":"shopify:\/\/collections\/all"}},"template--21388417007929__6571fe20-e7d0-449b-9f11-ee768592d893-slideshow-2":{"type":"slideshow","settings":{"block_banerimage":"shopify:\/\/shop_images\/s5.jpg","sub_title":"fresh vegetable","color_sub_title":"#ffffff","title_slide":"Beautiful Kids Room","color_title_slide":"#ffffff","block_url":"shopify:\/\/collections\/all"}},"template--21388417007929__6571fe20-e7d0-449b-9f11-ee768592d893-slideshow-1":{"type":"slideshow","settings":{"block_banerimage":"shopify:\/\/shop_images\/s3.jpg","sub_title":"fresh vegetable","color_sub_title":"#ffffff","title_slide":"Side Table Decor","color_title_slide":"#ffffff","block_url":"shopify:\/\/collections\/all"}}},"block_order":["template--21388417007929__6571fe20-e7d0-449b-9f11-ee768592d893-slideshow-3","template--21388417007929__6571fe20-e7d0-449b-9f11-ee768592d893-slideshow-2","template--21388417007929__6571fe20-e7d0-449b-9f11-ee768592d893-slideshow-1"],"settings":{"margin_top":"","margin_bottom":""}},"8acdd12e-2e80-495b-b135-46bfcfa0ab51":{"type":"section-banner-v1","settings":{"sub_banner1":"INNOVATION & CONFORT.","color_sub_heading":"#000000","title_banner":"DISCOVER OUR FEATURES","color_title_heading":"#000000","banner_img1":"shopify:\/\/shop_images\/ba6.jpg","title_banner1":"salad","button_banner1":"Shop Now","url_button_banner1":"shopify:\/\/collections\/all","banner_img2":"shopify:\/\/shop_images\/ba8.jpg","title_banner2":"potato","button_banner2":"Shop now","url_button_banner2":"shopify:\/\/collections\/all","banner_img3":"shopify:\/\/shop_images\/ba7.jpg","title_banner3":"purple cabbage","button_banner3":"Shop now","url_button_banner3":"shopify:\/\/collections\/all","banner_img4":"shopify:\/\/shop_images\/ba9.jpg","title_banner4":"tomato","button_banner4":"Shop now","url_button_banner4":"shopify:\/\/collections\/all","color_title":"#ffffff","color_btn":"#ffffff","color_btn_hover":"#ffffff","margin_top":"","margin_bottom":""}},"33617230-8f65-498f-86c3-1eb20e4ec846":{"type":"section-product-v6","settings":{"section_layout":"banner_left","title_heading":"Best Seller","color_title":"#222222","sub-title1":"Discover other related fashion products","img_banner1":"shopify:\/\/shop_images\/ba4.jpg","url_button1":"shopify:\/\/collections\/all","select_collection":"frontpage","products_limit":4,"margin_top":"","margin_bottom":""}},"30af9b3d-040b-4f2d-bf38-c862f32f67ce":{"type":"section-product-v2","blocks":{"template--21388417007929__30af9b3d-040b-4f2d-bf38-c862f32f67ce-tab-1":{"type":"tab","settings":{"tab_title":"NEW ARRIVALS","tab_collection":"frontpage","tab_limit":8}},"template--21388417007929__30af9b3d-040b-4f2d-bf38-c862f32f67ce-tab-2":{"type":"tab","settings":{"tab_title":"BEST SELLERS","tab_collection":"new","tab_limit":8}},"template--21388417007929__30af9b3d-040b-4f2d-bf38-c862f32f67ce-tab-3":{"type":"tab","settings":{"tab_title":"TOP RATES","tab_collection":"new-1","tab_limit":8}}},"block_order":["template--21388417007929__30af9b3d-040b-4f2d-bf38-c862f32f67ce-tab-1","template--21388417007929__30af9b3d-040b-4f2d-bf38-c862f32f67ce-tab-2","template--21388417007929__30af9b3d-040b-4f2d-bf38-c862f32f67ce-tab-3"],"settings":{"margin_top":"","margin_bottom":"","title_heading":"Our Best Seller","color_title":"#222222"}},"08ad36aa-870a-4780-b82f-74992c4d9382":{"type":"section-service-v1","blocks":{"template--21388417007929__08ad36aa-870a-4780-b82f-74992c4d9382-service-1":{"type":"service","settings":{"block_number":"1","img_icon":"shopify:\/\/shop_images\/ser2.png","block_title":"FREE SHIPPING","block_content":"For all order over $99"}},"template--21388417007929__08ad36aa-870a-4780-b82f-74992c4d9382-service-2":{"type":"service","settings":{"block_number":"2","img_icon":"shopify:\/\/shop_images\/ser1.png","block_title":"DELIVERY ON TIME","block_content":"Definition and measurement"}},"template--21388417007929__08ad36aa-870a-4780-b82f-74992c4d9382-service-3":{"type":"service","settings":{"block_number":"3","img_icon":"shopify:\/\/shop_images\/ser3.png","block_title":"SECURE PAMENT","block_content":"100% secure payment"}}},"block_order":["template--21388417007929__08ad36aa-870a-4780-b82f-74992c4d9382-service-1","template--21388417007929__08ad36aa-870a-4780-b82f-74992c4d9382-service-2","template--21388417007929__08ad36aa-870a-4780-b82f-74992c4d9382-service-3"],"settings":{"backgroud_image":"shopify:\/\/shop_images\/ba5.jpg","margin_top":"70","margin_bottom":""}},"c3422f4a-9242-4534-9e09-82062b2e0eaa":{"type":"section-instagram-v2","settings":{"section_title_big":"Instagram Shop","item_icon":"fa fa-instagram","ins_userid":"","ins_access_token":"3672948962.0f64772.430edb7f711e4665b59777c54d1ed9ce","ins_limit_number":"10","margin_top":"","margin_bottom":""}}},"order":["6571fe20-e7d0-449b-9f11-ee768592d893","8acdd12e-2e80-495b-b135-46bfcfa0ab51","33617230-8f65-498f-86c3-1eb20e4ec846","30af9b3d-040b-4f2d-bf38-c862f32f67ce","08ad36aa-870a-4780-b82f-74992c4d9382","c3422f4a-9242-4534-9e09-82062b2e0eaa"]}