[{"name":"theme_info","theme_name":"Ginar","theme_author":"EngoTheme","theme_version":"1.0.0","theme_documentation_url":"https:\/\/EngoTheme.com","theme_support_url":"https:\/\/EngoTheme.com"},{"name":"Currency","settings":[{"type":"paragraph","content":"To offer multiple currencies on your online store, you must first [edit your store's currency formatting]({{ site.url }}\/manual\/using-themes\/change-the-layout\/help-script-find-money-formats)."},{"type":"checkbox","id":"show_multiple_currencies","label":"Enable currency conversion","default":true,"info":"Even though prices are displayed in different currencies, orders will still be processed in your store's currency."},{"type":"select","id":"currency_format","label":"Format","options":[{"value":"money_format","label":"Without currency ($10.00)"},{"value":"money_with_currency_format","label":"With currency ($10.00 CAD)"}],"default":"money_with_currency_format"},{"type":"text","id":"supported_currencies","label":"Supported currencies","default":"INR GBP CAD USD AUD EUR JPY","info":"Use the country's ISO [currency code](http:\/\/www.xe.com\/iso4217.php). Separate your currency codes with a space."},{"type":"text","id":"default_currency","label":"Default currency","default":"USD"}]},{"name":"General","settings":[{"type":"image","id":"favicon.png","label":"Favicon","info":"16 x 16px .png"},{"type":"image","id":"icon-for-mobile.png","label":"Site Identity","info":"The Site Icon is used as a browser and app icon for your site. Icons must be square, and at least 512 pixels wide and tall."},{"type":"color","id":"bg_color_body","label":"Background Color Body","default":"#fff"},{"type":"image_picker","id":"bg_image_body","label":"Background Image Body"}]},{"name":"Promo Topbar","settings":[{"type":"checkbox","id":"enable_promo_topbar","label":"Show","default":true},{"type":"image_picker","id":"background_promo","label":"Background Promo","info":"1920 x 150px recommended"},{"type":"color","id":"color_content_promo_topbar","label":"Color content","default":"#fff"},{"type":"textarea","id":"content_promo_topbar","label":"Content","default":"GRAB IT BEFORE IT'S GONE... SALE'S NOW UP TO 70% OFF"},{"type":"textarea","id":"text_btn_promo","label":"Text Button","default":"Shop Now"},{"type":"url","id":"url_btn_promo","label":"URL Button"}]},{"name":"Popup Newsletter","settings":[{"type":"checkbox","id":"ena_popup_news","label":"Show","default":true},{"type":"select","id":"select_newletter","label":"Select Style","info":"[View Samples](https:\/\/cdn.shopify.com\/s\/files\/1\/0579\/5568\/0414\/files\/Popup_Newsletter.jpg?v=1627286812)","options":[{"value":"newsletter_v1","label":"Newsletter V1"},{"value":"newsletter_v2","label":"Newsletter V2"},{"value":"newsletter_v3","label":"Newsletter V3"}],"default":"newsletter_v1"},{"type":"text","id":"name_popup","label":"Heading Popup","default":"SIGNUP FOR EMAILS"},{"type":"text","id":"title_popup","label":"Subheading","default":"Get 20% off your entire purchase."},{"type":"text","id":"description_popup","label":"Description Popup","default":"Subscribe to the Xanadu mailing list to receive updates on new arrivals, special offers and other discount information."},{"type":"text","id":"placeholder_popup","label":"Placeholder popup","default":"Email"},{"type":"text","id":"button_name_popup","label":"Button label popup","default":"Sign in"},{"type":"text","id":"icon_sc_popup1","label":"Icon 1","default":"fa fa-twitter","info":"[Get icon in here](https:\/\/fontawesome.com\/v4.7.0\/icons)"},{"type":"url","id":"url_sc_popup1","label":"URL social media 1"},{"type":"text","id":"icon_sc_popup2","label":"Icon 2","default":"fa fa-dribbble","info":"[Get icon in here](https:\/\/fontawesome.com\/v4.7.0\/icons)"},{"type":"url","id":"url_sc_popup2","label":"URL social media 2"},{"type":"text","id":"icon_sc_popup3","label":"Icon 3","default":"fa fa-behance","info":"[Get icon in here](https:\/\/fontawesome.com\/v4.7.0\/icons)"},{"type":"url","id":"url_sc_popup13","label":"URL social media 3"},{"type":"text","id":"icon_sc_popup4","label":"Icon 4","default":"fa fa-instagram","info":"[Get icon in here](https:\/\/fontawesome.com\/v4.7.0\/icons)"},{"type":"url","id":"url_sc_popup4","label":"URL social media 4"},{"type":"checkbox","id":"enable_image_poup","label":"Show image poup","default":true},{"type":"image_picker","id":"image_poup","label":"Image Popup","info":"480 x 600px .png recommended"}]},{"name":"Popup Login","settings":[{"type":"image_picker","id":"pouplogin_logo","label":"Logo image","info":"40 x 40px .png recommended"},{"type":"range","id":"pouplogin_logo_maxwidth","min":100,"max":250,"step":5,"unit":"px","label":"Logo display width","default":160},{"type":"textarea","id":"pouplogin_logo_svg","label":" SVG logo"}]},{"name":"Popup Random Product","settings":[{"type":"checkbox","id":"ena_random_prod","label":"Show","default":true},{"type":"collection","id":"best_product_collection","label":"Select Collection"},{"type":"textarea","id":"name_purchare","label":"Name Purchare","default":"John Smith, Alex Telles, Chris Evans, Jack Hoob, James Laura, Daniel Packer"},{"type":"textarea","id":"address_purchare","label":"Address Purchare","default":"North Caroline St, Herkimer NY 13350-Lynnway, Lynn MA 1905-State Route 3, Fulton NY 13069 Fairgrounds Memorial Pkwy, Ithaca NY 14850 Fairhaven Commons Way, Fairhaven MA 2719 "},{"type":"radio","id":"lr_randomprod","label":"Left Right Style","options":[{"value":"left","label":"Left"},{"value":"right","label":"Right"}],"default":"left"}]},{"name":"Popup Cookie","settings":[{"type":"checkbox","id":"ena_popup_cookie","label":"Show","default":true},{"type":"text","id":"content_cookie","label":"Content Cookie","default":"This website uses cookies to ensure you get the best experience on our website."},{"type":"text","id":"title_btn_cookie","label":"Button Label Cookie","default":"Privacy & Policy"},{"type":"url","id":"ulr_cookie1","label":"Url link cookie"},{"type":"text","id":"title_btn_cookie2","label":"Button Label Cookie 2","default":"Got it!"},{"type":"radio","id":"lr_cookie","label":"Left Right Style","options":[{"value":"left","label":"Left"},{"value":"right","label":"Right"}],"default":"right"}]},{"name":"Recently View","settings":[{"type":"checkbox","id":"ena_back_to_top","label":"Show","default":true}]},{"name":"Popup Add To Cart Success","settings":[{"type":"text","id":"title_1","label":"Heading 1","default":"There are"},{"type":"text","id":"title_2","label":"Heading 2","default":"items<br>in your cart"},{"type":"text","id":"title_also_prod","label":"Heading related product","default":"With this product also buy:"},{"type":"collection","id":"relate_product_collection","label":"Select Collection"},{"type":"range","id":"products__relate_limit","label":"Limit products","min":2,"max":50,"step":1,"default":16}]},{"name":"Colors","settings":[{"type":"header","content":"General colors"},{"type":"color","id":"color_main","label":"Body color","default":"#111111"},{"type":"color","id":"color_main2","label":"Color Main","default":"#FF871D"}]},{"name":"Fonts","settings":[{"type":"radio","id":"font_type","label":"Select font type:","options":[{"value":"normal_fonts","label":"Normal Fonts"},{"value":"google_fonts","label":"Google Fonts [Where do I find Google Fonts?](http:\/\/www.google.com\/fonts)"}],"default":"google_fonts"},{"type":"header","content":"Google Font"},{"type":"text","id":"fonts_name_2","label":"Google Fonts Heading","default":"Roboto"},{"type":"text","id":"fonts_name_1","label":"Google Fonts Body","default":"Jost"}]},{"name":"Header Mobile","settings":[{"type":"header","content":"Sticky menu"},{"type":"checkbox","id":"enable_sticky_mobile","label":"Enable","default":true},{"type":"color","id":"bgmenu_mobile","label":"Background color menu mobile","default":"#fff"},{"type":"header","content":"Icon Mobile"},{"type":"text","id":"hd_icon_search_mb","label":"Icon Search","info":"[Get icon from here](https:\/\/fontawesome.com\/v4.7.0\/icons\/)"},{"type":"textarea","id":"hd_icon_search_mb_svg","label":"Icon Search SVG"},{"type":"text","id":"hd_icon_cart_mb","label":"Icon Cart","info":"[Get icon from here](https:\/\/fontawesome.com\/v4.7.0\/icons\/)"},{"type":"textarea","id":"hd_icon_cart_mb_svg","label":"Icon Cart SVG"},{"type":"header","content":"Header Logo Mobile"},{"type":"image_picker","id":"logo_mobile","label":"Logo image","info":"40 x 40px .png recommended"},{"type":"textarea","id":"logo_svgmobile","label":" SVG logo"},{"type":"range","id":"mobile_logo_maxwidth","min":30,"max":150,"step":5,"unit":"px","label":"Logo display width","default":40},{"type":"link_list","id":"main_menu_store_mb","label":"Main Menu Mobile"}]},{"name":"Megamenu","settings":[{"type":"header","content":"color content header"},{"type":"color","id":"hdv_color_text","label":"Text Color","default":"#333"},{"type":"color","id":"hdv_color_text_hover","label":"Text Hover Color","default":"#48c8fd"},{"type":"color","id":"hdv_color_linkchildren","label":"Link Lv1 Color","default":"#555"},{"type":"color","id":"hdv_color_linklv2","label":"Link Lv2 Color","default":"#7d7b7b"},{"type":"color","id":"bg_color_menu_hd","label":"Background color menu","default":"#fff"},{"type":"header","content":"1ST MEGAMENU ITEM"},{"type":"checkbox","id":"apmenuitem_enable_1","label":"1st Enable megamenu item"},{"type":"text","id":"apmenuitem_title_1","label":"1st Menu item","info":"(*) Enter \"Link Name\" of \"Navigation \/ Main Menu\"."},{"type":"checkbox","id":"apmenuitem_fullwidth_1","label":"1st Megamenu item fullwidth"},{"type":"text","id":"apmenuitem_width_1","label":"1st Megamenu item width","info":"Used pixcel (eg: 1000px). Leave empty if selected fullwidth."},{"type":"text","id":"apmenuitem_position_1","label":"1st Megamenu item Position (Header On Hompage)","info":"Used pixcel (eg: -300px). Position megamenu dropdown. Leave empty if selected fullwidth. "},{"type":"text","id":"apmenuitem_position_orther_1","label":"1st Megamenu item Position (Header On Ortherpages)","info":"Used pixcel (eg: -300px). Position megamenu dropdown On Ortherpages. Leave empty if selected fullwidth. "},{"type":"checkbox","id":"apbgimage_enable_1","label":"Background enable"},{"type":"image_picker","id":"apmenuitem_bg_image_1","label":"1st Megamenu  Background Image"},{"type":"header","content":"Menu block links"},{"type":"checkbox","id":"apmenuitem_eblocklinks_1","label":"Enable\/Disable"},{"type":"select","id":"apmenuitem_columns_blocklinks_1","label":"Width of the block links than megamenu","options":[{"value":"1","label":"1\/12 (8.33%)"},{"value":"2","label":"2\/12 (16.67%)"},{"value":"3","label":"3\/12 (25.00%)"},{"value":"4","label":"4\/12 (33.33%)"},{"value":"5","label":"5\/12 (41.67%)"},{"value":"6","label":"6\/12 (50.00%)"},{"value":"7","label":"7\/12 (58.33%)"},{"value":"8","label":"8\/12 (66.67%)"},{"value":"9","label":"9\/12 (75.00%)"},{"value":"10","label":"10\/12 (83.33%)"},{"value":"11","label":"11\/12 (91.67%)"},{"value":"12","label":"12\/12 (100.00%)"}],"info":"Width of the block links in a row of megamenu"},{"type":"select","id":"apmenuitem_columns_1","label":"Width of the links than block links","options":[{"value":"1","label":"1\/12 (8.33%)"},{"value":"2","label":"2\/12 (16.67%)"},{"value":"3","label":"3\/12 (25.00%)"},{"value":"4","label":"4\/12 (33.33%)"},{"value":"5","label":"5\/12 (41.67%)"},{"value":"6","label":"6\/12 (50.00%)"},{"value":"7","label":"7\/12 (58.33%)"},{"value":"8","label":"8\/12 (66.67%)"},{"value":"9","label":"9\/12 (75.00%)"},{"value":"10","label":"10\/12 (83.33%)"},{"value":"11","label":"11\/12 (91.67%)"},{"value":"12","label":"12\/12 (100.00%)"}],"info":"Width of the links(Navigation->Menu) than block links"},{"type":"header","content":"Image Block Links"},{"type":"checkbox","id":"apmenuitem_img_blocklinks_enable_1","label":"Enable Image Blocklinks","default":false},{"type":"image_picker","id":"apmenuitem_img_blocklinks_1_1","label":"Image blocklinks 1"},{"type":"url","id":"apmenuitem_url_blocklinks_1_1","label":"Url Image blocklinks 1"},{"type":"image_picker","id":"apmenuitem_img_blocklinks_1_2","label":"Image blocklinks 2"},{"type":"url","id":"apmenuitem_url_blocklinks_1_2","label":"Url Image blocklinks 2"},{"type":"image_picker","id":"apmenuitem_img_blocklinks_1_3","label":"Image blocklinks 3"},{"type":"url","id":"apmenuitem_url_blocklinks_1_3","label":"Url Image blocklinks 3"},{"type":"image_picker","id":"apmenuitem_img_blocklinks_1_4","label":"Image blocklinks 4"},{"type":"url","id":"apmenuitem_url_blocklinks_1_4","label":"Url Image blocklinks 4"},{"type":"image_picker","id":"apmenuitem_img_blocklinks_1_5","label":"Image blocklinks 5"},{"type":"url","id":"apmenuitem_url_blocklinks_1_5","label":"Url Image blocklinks 5"},{"type":"image_picker","id":"apmenuitem_img_blocklinks_1_6","label":"Image blocklinks 6"},{"type":"url","id":"apmenuitem_url_blocklinks_1_6","label":"Url Image blocklinks 6"},{"type":"header","content":"Menu block video"},{"type":"checkbox","id":"apmenuitem_evideo_1","label":"Enable\/Disable"},{"type":"select","id":"apmenuitem_columns_blockvideo_1","label":"Width of the block video than megamenu","options":[{"value":"1","label":"1\/12 (8.33%)"},{"value":"2","label":"2\/12 (16.67%)"},{"value":"3","label":"3\/12 (25.00%)"},{"value":"4","label":"4\/12 (33.33%)"},{"value":"5","label":"5\/12 (41.67%)"},{"value":"6","label":"6\/12 (50.00%)"},{"value":"7","label":"7\/12 (58.33%)"},{"value":"8","label":"8\/12 (66.67%)"},{"value":"9","label":"9\/12 (75.00%)"},{"value":"10","label":"10\/12 (83.33%)"},{"value":"11","label":"11\/12 (91.67%)"},{"value":"12","label":"12\/12 (100.00%)"}],"info":"Width of the block video in a row of megamenu"},{"type":"textarea","id":"apmenuitem_cvideo_1","label":"Code video content","info":"Copy Video CODE from youtube, vimeo and put here"},{"type":"header","content":"Menu block products"},{"type":"checkbox","id":"apmenuitem_eproduct_1","label":"Enable\/Disable"},{"type":"select","id":"apmenuitem_columns_blockproducts_1","label":"Width of the block products than megamenu","options":[{"value":"1","label":"1\/12 (8.33%)"},{"value":"2","label":"2\/12 (16.67%)"},{"value":"3","label":"3\/12 (25.00%)"},{"value":"4","label":"4\/12 (33.33%)"},{"value":"5","label":"5\/12 (41.67%)"},{"value":"6","label":"6\/12 (50.00%)"},{"value":"7","label":"7\/12 (58.33%)"},{"value":"8","label":"8\/12 (66.67%)"},{"value":"9","label":"9\/12 (75.00%)"},{"value":"10","label":"10\/12 (83.33%)"},{"value":"11","label":"11\/12 (91.67%)"},{"value":"12","label":"12\/12 (100.00%)"}],"info":"Width of the block products in a row of megamenu"},{"type":"text","id":"apmenuitem_tproduct_1","label":"Block products Heading"},{"type":"collection","id":"apmenuitem_cproduct_1","label":"Block products Collection"},{"type":"text","id":"apmenuitem_nproduct_1","label":"The maximum number of products"},{"type":"header","content":"Menu block html"},{"type":"checkbox","id":"apmenuitem_ehtml_1","label":"Enable\/Disable"},{"type":"select","id":"apmenuitem_columns_blockhtml_1","label":"Width of the block html than megamenu","options":[{"value":"1","label":"1\/12 (8.33%)"},{"value":"2","label":"2\/12 (16.67%)"},{"value":"3","label":"3\/12 (25.00%)"},{"value":"4","label":"4\/12 (33.33%)"},{"value":"5","label":"5\/12 (41.67%)"},{"value":"6","label":"6\/12 (50.00%)"},{"value":"7","label":"7\/12 (58.33%)"},{"value":"8","label":"8\/12 (66.67%)"},{"value":"9","label":"9\/12 (75.00%)"},{"value":"10","label":"10\/12 (83.33%)"},{"value":"11","label":"11\/12 (91.67%)"},{"value":"12","label":"12\/12 (100.00%)"}],"info":"Width of the block html in a row of megamenu"},{"type":"text","id":"apmenuitem_thtml_1","label":"Block html Heading"},{"type":"url","id":"apmenuitem_lchtml_1","label":"Link Html block"},{"type":"checkbox","id":"apmenuitem_eihtml_1","label":"Use image"},{"type":"image","id":"apmenuitem_ihtml_1.jpg","label":"Block html image","info":"Max size: 1170px x 500px"},{"type":"textarea","id":"apmenuitem_chtml_1","label":"Block html description"},{"type":"header","content":"Position of 4 block on megamenu"},{"type":"select","id":"position_menu_blocklink_1","label":"Position Menu Block Link","options":[{"value":"1","label":"1"},{"value":"2","label":"2"},{"value":"3","label":"3"},{"value":"4","label":"4"}],"default":"1","info":"Position block links on the menu"},{"type":"select","id":"position_menu_blockvideo_1","label":"Position Menu Block Video","options":[{"value":"1","label":"1"},{"value":"2","label":"2"},{"value":"3","label":"3"},{"value":"4","label":"4"}],"default":"2","info":"Position block video on the menu"},{"type":"select","id":"position_menu_blockproduct_1","label":"Position Menu Block Product","options":[{"value":"1","label":"1"},{"value":"2","label":"2"},{"value":"3","label":"3"},{"value":"4","label":"4"}],"default":"3","info":"Position block product on the menu"},{"type":"select","id":"position_menu_blockhtml_1","label":"Position Menu Block HTML","options":[{"value":"1","label":"1"},{"value":"2","label":"2"},{"value":"3","label":"3"},{"value":"4","label":"4"}],"default":"4","info":"Position block html on the menu"},{"type":"header","content":"2nd MEGAMENU ITEM"},{"type":"checkbox","id":"apmenuitem_enable_2","label":"2nd Enable megamenu item"},{"type":"text","id":"apmenuitem_title_2","label":"2nd Menu item","info":"(*) Enter \"Link Name\" of \"Navigation \/ Main Menu\"."},{"type":"checkbox","id":"apmenuitem_fullwidth_2","label":"2nd Megamenu item fullwidth"},{"type":"text","id":"apmenuitem_width_2","label":"2nd Megamenu item width","info":"Used pixcel (eg: 1000px). Leave empty if selected fullwidth."},{"type":"text","id":"apmenuitem_position_2","label":"2nd Megamenu item postion (Header On Home page)","info":"Used pixcel (eg: -200px). Position megamenu dropdown on Home page. Leave empty if selected fullwidth."},{"type":"text","id":"apmenuitem_position_orther_2","label":"2nd Megamenu item Position (Header On Ortherpages)","info":"Used pixcel (eg: -300px). Position megamenu dropdown On Ortherpages. Leave empty if selected fullwidth. "},{"type":"checkbox","id":"apbgimage_enable_2","label":"Background enable"},{"type":"image_picker","id":"apmenuitem_bg_image_2","label":"2nd Megamenu  Background Image"},{"type":"header","content":"Menu block links"},{"type":"checkbox","id":"apmenuitem_eblocklinks_2","label":"Enable\/Disable"},{"type":"select","id":"apmenuitem_columns_blocklinks_2","label":"Width of the block links than megamenu","options":[{"value":"1","label":"1\/12 (8.33%)"},{"value":"2","label":"2\/12 (16.67%)"},{"value":"3","label":"3\/12 (25.00%)"},{"value":"4","label":"4\/12 (33.33%)"},{"value":"5","label":"5\/12 (41.67%)"},{"value":"6","label":"6\/12 (50.00%)"},{"value":"7","label":"7\/12 (58.33%)"},{"value":"8","label":"8\/12 (66.67%)"},{"value":"9","label":"9\/12 (75.00%)"},{"value":"10","label":"10\/12 (83.33%)"},{"value":"11","label":"11\/12 (91.67%)"},{"value":"12","label":"12\/12 (100.00%)"}],"info":"Width of the block links in a row of megamenu"},{"type":"select","id":"apmenuitem_columns_2","label":"Width of the links than block links","options":[{"value":"1","label":"1\/12 (8.33%)"},{"value":"2","label":"2\/12 (16.67%)"},{"value":"3","label":"3\/12 (25.00%)"},{"value":"4","label":"4\/12 (33.33%)"},{"value":"5","label":"5\/12 (41.67%)"},{"value":"6","label":"6\/12 (50.00%)"},{"value":"7","label":"7\/12 (58.33%)"},{"value":"8","label":"8\/12 (66.67%)"},{"value":"9","label":"9\/12 (75.00%)"},{"value":"10","label":"10\/12 (83.33%)"},{"value":"11","label":"11\/12 (91.67%)"},{"value":"12","label":"12\/12 (100.00%)"}],"info":"Width of the links(Navigation->Menu) than block links"},{"type":"header","content":"Image Block Links"},{"type":"checkbox","id":"apmenuitem_img_blocklinks_enable_2","label":"Enable Image Blocklinks","default":false},{"type":"image_picker","id":"apmenuitem_img_blocklinks_2_1","label":"Image blocklinks 1"},{"type":"url","id":"apmenuitem_url_blocklinks_2_1","label":"Url Image blocklinks 1"},{"type":"image_picker","id":"apmenuitem_img_blocklinks_2_2","label":"Image blocklinks 2"},{"type":"url","id":"apmenuitem_url_blocklinks_2_2","label":"Url Image blocklinks 2"},{"type":"image_picker","id":"apmenuitem_img_blocklinks_2_3","label":"Image blocklinks 3"},{"type":"url","id":"apmenuitem_url_blocklinks_2_3","label":"Url Image blocklinks 3"},{"type":"image_picker","id":"apmenuitem_img_blocklinks_2_4","label":"Image blocklinks 4"},{"type":"url","id":"apmenuitem_url_blocklinks_2_4","label":"Url Image blocklinks 4"},{"type":"image_picker","id":"apmenuitem_img_blocklinks_2_5","label":"Image blocklinks 5"},{"type":"url","id":"apmenuitem_url_blocklinks_2_5","label":"Url Image blocklinks 5"},{"type":"image_picker","id":"apmenuitem_img_blocklinks_2_6","label":"Image blocklinks 6"},{"type":"url","id":"apmenuitem_url_blocklinks_2_6","label":"Url Image blocklinks 6"},{"type":"header","content":"Menu block video"},{"type":"checkbox","id":"apmenuitem_evideo_2","label":"Enable\/Disable"},{"type":"select","id":"apmenuitem_columns_blockvideo_2","label":"Width of the block video than megamenu","options":[{"value":"1","label":"1\/12 (8.33%)"},{"value":"2","label":"2\/12 (16.67%)"},{"value":"3","label":"3\/12 (25.00%)"},{"value":"4","label":"4\/12 (33.33%)"},{"value":"5","label":"5\/12 (41.67%)"},{"value":"6","label":"6\/12 (50.00%)"},{"value":"7","label":"7\/12 (58.33%)"},{"value":"8","label":"8\/12 (66.67%)"},{"value":"9","label":"9\/12 (75.00%)"},{"value":"10","label":"10\/12 (83.33%)"},{"value":"11","label":"11\/12 (91.67%)"},{"value":"12","label":"12\/12 (100.00%)"}],"info":"Width of the block video in a row of megamenu"},{"type":"textarea","id":"apmenuitem_cvideo_2","label":"Code video content","info":"Copy Video CODE from youtube, vimeo and put here"},{"type":"header","content":"Menu block products"},{"type":"checkbox","id":"apmenuitem_eproduct_2","label":"Enable\/Disable"},{"type":"select","id":"apmenuitem_columns_blockproducts_2","label":"Width of the block products than megamenu","options":[{"value":"1","label":"1\/12 (8.33%)"},{"value":"2","label":"2\/12 (16.67%)"},{"value":"3","label":"3\/12 (25.00%)"},{"value":"4","label":"4\/12 (33.33%)"},{"value":"5","label":"5\/12 (41.67%)"},{"value":"6","label":"6\/12 (50.00%)"},{"value":"7","label":"7\/12 (58.33%)"},{"value":"8","label":"8\/12 (66.67%)"},{"value":"9","label":"9\/12 (75.00%)"},{"value":"10","label":"10\/12 (83.33%)"},{"value":"11","label":"11\/12 (91.67%)"},{"value":"12","label":"12\/12 (100.00%)"}],"info":"Width of the block products in a row of megamenu"},{"type":"text","id":"apmenuitem_tproduct_2","label":"Block products Heading"},{"type":"collection","id":"apmenuitem_cproduct_2","label":"Block products Collection"},{"type":"text","id":"apmenuitem_nproduct_2","label":"The maximum number of products"},{"type":"header","content":"Menu block html"},{"type":"checkbox","id":"apmenuitem_ehtml_2","label":"Enable\/Disable"},{"type":"select","id":"apmenuitem_columns_blockhtml_2","label":"Width of the block html than megamenu","options":[{"value":"1","label":"1\/12 (8.33%)"},{"value":"2","label":"2\/12 (16.67%)"},{"value":"3","label":"3\/12 (25.00%)"},{"value":"4","label":"4\/12 (33.33%)"},{"value":"5","label":"5\/12 (41.67%)"},{"value":"6","label":"6\/12 (50.00%)"},{"value":"7","label":"7\/12 (58.33%)"},{"value":"8","label":"8\/12 (66.67%)"},{"value":"9","label":"9\/12 (75.00%)"},{"value":"10","label":"10\/12 (83.33%)"},{"value":"11","label":"11\/12 (91.67%)"},{"value":"12","label":"12\/12 (100.00%)"}],"info":"Width of the block html in a row of megamenu"},{"type":"text","id":"apmenuitem_thtml_2","label":"Block html Heading"},{"type":"url","id":"apmenuitem_lchtml_2","label":"Link Html block"},{"type":"checkbox","id":"apmenuitem_eihtml_2","label":"Use image"},{"type":"image","id":"apmenuitem_ihtml_2.jpg","label":"Block html image","info":"Max size: 1170px x 500px"},{"type":"textarea","id":"apmenuitem_chtml_2","label":"Block html description"},{"type":"header","content":"Position of 4 block on megamenu"},{"type":"select","id":"position_menu_blocklink_2","label":"Position Menu Block Link","options":[{"value":"1","label":"1"},{"value":"2","label":"2"},{"value":"3","label":"3"},{"value":"4","label":"4"}],"default":"1","info":"Position block links on the menu"},{"type":"select","id":"position_menu_blockvideo_2","label":"Position Menu Block Video","options":[{"value":"1","label":"1"},{"value":"2","label":"2"},{"value":"3","label":"3"},{"value":"4","label":"4"}],"default":"2","info":"Position block video on the menu"},{"type":"select","id":"position_menu_blockproduct_2","label":"Position Menu Block Product","options":[{"value":"1","label":"1"},{"value":"2","label":"2"},{"value":"3","label":"3"},{"value":"4","label":"4"}],"default":"3","info":"Position block product on the menu"},{"type":"select","id":"position_menu_blockhtml_2","label":"Position Menu Block HTML","options":[{"value":"1","label":"1"},{"value":"2","label":"2"},{"value":"3","label":"3"},{"value":"4","label":"4"}],"default":"4","info":"Position block html on the menu"},{"type":"header","content":"3rd MEGAMENU ITEM"},{"type":"checkbox","id":"apmenuitem_enable_3","label":"3rd Enable megamenu item"},{"type":"text","id":"apmenuitem_title_3","label":"3rd Menu item","info":"(*) Enter \"Link Name\" of \"Navigation \/ Main Menu\"."},{"type":"checkbox","id":"apmenuitem_fullwidth_3","label":"3rd Megamenu item fullwidth"},{"type":"text","id":"apmenuitem_width_3","label":"3rd Megamenu item width","info":"Used pixcel (eg: 1000px). Leave empty if selected fullwidth."},{"type":"text","id":"apmenuitem_position_3","label":"3rd Megamenu item postion (Header On Home page)","info":"Used pixcel (eg: -200px). Position megamenu dropdown on Home page. Leave empty if selected fullwidth."},{"type":"text","id":"apmenuitem_position_orther_3","label":"3rd Megamenu item Position (Header On Ortherpages)","info":"Used pixcel (eg: -300px). Position megamenu dropdown On Ortherpages. Leave empty if selected fullwidth. "},{"type":"checkbox","id":"apbgimage_enable_3","label":"Background enable"},{"type":"image_picker","id":"apmenuitem_bg_image_3","label":"3rd Megamenu  Background Image"},{"type":"header","content":"Menu block links"},{"type":"checkbox","id":"apmenuitem_eblocklinks_3","label":"Enable\/Disable"},{"type":"select","id":"apmenuitem_columns_blocklinks_3","label":"Width of the block links than megamenu","options":[{"value":"1","label":"1\/12 (8.33%)"},{"value":"2","label":"2\/12 (16.67%)"},{"value":"3","label":"3\/12 (25.00%)"},{"value":"4","label":"4\/12 (33.33%)"},{"value":"5","label":"5\/12 (41.67%)"},{"value":"6","label":"6\/12 (50.00%)"},{"value":"7","label":"7\/12 (58.33%)"},{"value":"8","label":"8\/12 (66.67%)"},{"value":"9","label":"9\/12 (75.00%)"},{"value":"10","label":"10\/12 (83.33%)"},{"value":"11","label":"11\/12 (91.67%)"},{"value":"12","label":"12\/12 (100.00%)"}],"info":"Width of the block links in a row of megamenu"},{"type":"select","id":"apmenuitem_columns_3","label":"Width of the links than block links","options":[{"value":"1","label":"1\/12 (8.33%)"},{"value":"2","label":"2\/12 (16.67%)"},{"value":"3","label":"3\/12 (25.00%)"},{"value":"4","label":"4\/12 (33.33%)"},{"value":"5","label":"5\/12 (41.67%)"},{"value":"6","label":"6\/12 (50.00%)"},{"value":"7","label":"7\/12 (58.33%)"},{"value":"8","label":"8\/12 (66.67%)"},{"value":"9","label":"9\/12 (75.00%)"},{"value":"10","label":"10\/12 (83.33%)"},{"value":"11","label":"11\/12 (91.67%)"},{"value":"12","label":"12\/12 (100.00%)"}],"info":"Width of the links(Navigation->Menu) than block links"},{"type":"header","content":"Image Block Links"},{"type":"checkbox","id":"apmenuitem_img_blocklinks_enable_3","label":"Enable Image Blocklinks","default":false},{"type":"image_picker","id":"apmenuitem_img_blocklinks_3_1","label":"Image blocklinks 1"},{"type":"url","id":"apmenuitem_url_blocklinks_3_1","label":"Url Image blocklinks 1"},{"type":"image_picker","id":"apmenuitem_img_blocklinks_3_2","label":"Image blocklinks 2"},{"type":"url","id":"apmenuitem_url_blocklinks_3_2","label":"Url Image blocklinks 2"},{"type":"image_picker","id":"apmenuitem_img_blocklinks_3_3","label":"Image blocklinks 3"},{"type":"url","id":"apmenuitem_url_blocklinks_3_3","label":"Url Image blocklinks 3"},{"type":"image_picker","id":"apmenuitem_img_blocklinks_3_4","label":"Image blocklinks 4"},{"type":"url","id":"apmenuitem_url_blocklinks_3_4","label":"Url Image blocklinks 4"},{"type":"image_picker","id":"apmenuitem_img_blocklinks_3_5","label":"Image blocklinks 5"},{"type":"url","id":"apmenuitem_url_blocklinks_3_5","label":"Url Image blocklinks 5"},{"type":"image_picker","id":"apmenuitem_img_blocklinks_3_6","label":"Image blocklinks 6"},{"type":"url","id":"apmenuitem_url_blocklinks_3_6","label":"Url Image blocklinks 6"},{"type":"header","content":"Menu block video"},{"type":"checkbox","id":"apmenuitem_evideo_3","label":"Enable\/Disable"},{"type":"select","id":"apmenuitem_columns_blockvideo_3","label":"Width of the block video than megamenu","options":[{"value":"1","label":"1\/12 (8.33%)"},{"value":"2","label":"2\/12 (16.67%)"},{"value":"3","label":"3\/12 (25.00%)"},{"value":"4","label":"4\/12 (33.33%)"},{"value":"5","label":"5\/12 (41.67%)"},{"value":"6","label":"6\/12 (50.00%)"},{"value":"7","label":"7\/12 (58.33%)"},{"value":"8","label":"8\/12 (66.67%)"},{"value":"9","label":"9\/12 (75.00%)"},{"value":"10","label":"10\/12 (83.33%)"},{"value":"11","label":"11\/12 (91.67%)"},{"value":"12","label":"12\/12 (100.00%)"}],"info":"Width of the block video in a row of megamenu"},{"type":"textarea","id":"apmenuitem_cvideo_3","label":"Code video content","info":"Copy Video CODE from youtube, vimeo and put here"},{"type":"header","content":"Menu block products"},{"type":"checkbox","id":"apmenuitem_eproduct_3","label":"Enable\/Disable"},{"type":"select","id":"apmenuitem_columns_blockproducts_3","label":"Width of the block products than megamenu","options":[{"value":"1","label":"1\/12 (8.33%)"},{"value":"2","label":"2\/12 (16.67%)"},{"value":"3","label":"3\/12 (25.00%)"},{"value":"4","label":"4\/12 (33.33%)"},{"value":"5","label":"5\/12 (41.67%)"},{"value":"6","label":"6\/12 (50.00%)"},{"value":"7","label":"7\/12 (58.33%)"},{"value":"8","label":"8\/12 (66.67%)"},{"value":"9","label":"9\/12 (75.00%)"},{"value":"10","label":"10\/12 (83.33%)"},{"value":"11","label":"11\/12 (91.67%)"},{"value":"12","label":"12\/12 (100.00%)"}],"info":"Width of the block products in a row of megamenu"},{"type":"text","id":"apmenuitem_tproduct_3","label":"Block products Heading"},{"type":"collection","id":"apmenuitem_cproduct_3","label":"Block products Collection"},{"type":"text","id":"apmenuitem_nproduct_3","label":"The maximum number of products"},{"type":"header","content":"Menu block html"},{"type":"checkbox","id":"apmenuitem_ehtml_3","label":"Enable\/Disable"},{"type":"select","id":"apmenuitem_columns_blockhtml_3","label":"Width of the block html than megamenu","options":[{"value":"1","label":"1\/12 (8.33%)"},{"value":"2","label":"2\/12 (16.67%)"},{"value":"3","label":"3\/12 (25.00%)"},{"value":"4","label":"4\/12 (33.33%)"},{"value":"5","label":"5\/12 (41.67%)"},{"value":"6","label":"6\/12 (50.00%)"},{"value":"7","label":"7\/12 (58.33%)"},{"value":"8","label":"8\/12 (66.67%)"},{"value":"9","label":"9\/12 (75.00%)"},{"value":"10","label":"10\/12 (83.33%)"},{"value":"11","label":"11\/12 (91.67%)"},{"value":"12","label":"12\/12 (100.00%)"}],"info":"Width of the block html in a row of megamenu"},{"type":"text","id":"apmenuitem_thtml_3","label":"Block html Heading"},{"type":"url","id":"apmenuitem_lchtml_3","label":"Link Html block"},{"type":"checkbox","id":"apmenuitem_eihtml_3","label":"Use image"},{"type":"image","id":"apmenuitem_ihtml_3.jpg","label":"Block html image","info":"Max size: 1170px x 500px"},{"type":"textarea","id":"apmenuitem_chtml_3","label":"Block html description"},{"type":"header","content":"Position of 4 block on megamenu"},{"type":"select","id":"position_menu_blocklink_3","label":"Position Menu Block Link","options":[{"value":"1","label":"1"},{"value":"2","label":"2"},{"value":"3","label":"3"},{"value":"4","label":"4"}],"default":"1","info":"Position block links on the menu"},{"type":"select","id":"position_menu_blockvideo_3","label":"Position Menu Block Video","options":[{"value":"1","label":"1"},{"value":"2","label":"2"},{"value":"3","label":"3"},{"value":"4","label":"4"}],"default":"2","info":"Position block video on the menu"},{"type":"select","id":"position_menu_blockproduct_3","label":"Position Menu Block Product","options":[{"value":"1","label":"1"},{"value":"2","label":"2"},{"value":"3","label":"3"},{"value":"4","label":"4"}],"default":"3","info":"Position block product on the menu"},{"type":"select","id":"position_menu_blockhtml_3","label":"Position Menu Block HTML","options":[{"value":"1","label":"1"},{"value":"2","label":"2"},{"value":"3","label":"3"},{"value":"4","label":"4"}],"default":"4","info":"Position block html on the menu"},{"type":"header","content":"4th MEGAMENU ITEM"},{"type":"checkbox","id":"apmenuitem_enable_4","label":"4th Enable megamenu item"},{"type":"text","id":"apmenuitem_title_4","label":"4th Menu item","info":"(*) Enter \"Link Name\" of \"Navigation \/ Main Menu\"."},{"type":"checkbox","id":"apmenuitem_fullwidth_4","label":"4th Megamenu item fullwidth"},{"type":"text","id":"apmenuitem_width_4","label":"4th Megamenu item width","info":"Used pixcel (eg: 1000px). Leave empty if selected fullwidth."},{"type":"text","id":"apmenuitem_position_4","label":"4th Megamenu item postion (Header On Home page)","info":"Used pixcel (eg: -200px). Position megamenu dropdown on Home page. Leave empty if selected fullwidth."},{"type":"text","id":"apmenuitem_position_orther_4","label":"4th Megamenu item Position (Header On Ortherpages)","info":"Used pixcel (eg: -300px). Position megamenu dropdown On Ortherpages. Leave empty if selected fullwidth. "},{"type":"checkbox","id":"apbgimage_enable_4","label":"Background enable"},{"type":"image_picker","id":"apmenuitem_bg_image_4","label":"4th Megamenu  Background Image"},{"type":"header","content":"Menu block links"},{"type":"checkbox","id":"apmenuitem_eblocklinks_4","label":"Enable\/Disable"},{"type":"select","id":"apmenuitem_columns_blocklinks_4","label":"Width of the block links than megamenu","options":[{"value":"1","label":"1\/12 (8.33%)"},{"value":"2","label":"2\/12 (16.67%)"},{"value":"3","label":"3\/12 (25.00%)"},{"value":"4","label":"4\/12 (33.33%)"},{"value":"5","label":"5\/12 (41.67%)"},{"value":"6","label":"6\/12 (50.00%)"},{"value":"7","label":"7\/12 (58.33%)"},{"value":"8","label":"8\/12 (66.67%)"},{"value":"9","label":"9\/12 (75.00%)"},{"value":"10","label":"10\/12 (83.33%)"},{"value":"11","label":"11\/12 (91.67%)"},{"value":"12","label":"12\/12 (100.00%)"}],"info":"Width of the block links in a row of megamenu"},{"type":"select","id":"apmenuitem_columns_4","label":"Width of the links than block links","options":[{"value":"1","label":"1\/12 (8.33%)"},{"value":"2","label":"2\/12 (16.67%)"},{"value":"3","label":"3\/12 (25.00%)"},{"value":"4","label":"4\/12 (33.33%)"},{"value":"5","label":"5\/12 (41.67%)"},{"value":"6","label":"6\/12 (50.00%)"},{"value":"7","label":"7\/12 (58.33%)"},{"value":"8","label":"8\/12 (66.67%)"},{"value":"9","label":"9\/12 (75.00%)"},{"value":"10","label":"10\/12 (83.33%)"},{"value":"11","label":"11\/12 (91.67%)"},{"value":"12","label":"12\/12 (100.00%)"}],"info":"Width of the links(Navigation->Menu) than block links"},{"type":"header","content":"Image Block Links"},{"type":"checkbox","id":"apmenuitem_img_blocklinks_enable_4","label":"Enable Image Blocklinks","default":false},{"type":"image_picker","id":"apmenuitem_img_blocklinks_4_1","label":"Image blocklinks 1"},{"type":"url","id":"apmenuitem_url_blocklinks_4_1","label":"Url Image blocklinks 1"},{"type":"image_picker","id":"apmenuitem_img_blocklinks_4_2","label":"Image blocklinks 2"},{"type":"url","id":"apmenuitem_url_blocklinks_4_2","label":"Url Image blocklinks 2"},{"type":"image_picker","id":"apmenuitem_img_blocklinks_4_3","label":"Image blocklinks 3"},{"type":"url","id":"apmenuitem_url_blocklinks_4_3","label":"Url Image blocklinks 3"},{"type":"image_picker","id":"apmenuitem_img_blocklinks_4_4","label":"Image blocklinks 4"},{"type":"url","id":"apmenuitem_url_blocklinks_4_4","label":"Url Image blocklinks 4"},{"type":"image_picker","id":"apmenuitem_img_blocklinks_4_5","label":"Image blocklinks 5"},{"type":"url","id":"apmenuitem_url_blocklinks_4_5","label":"Url Image blocklinks 5"},{"type":"image_picker","id":"apmenuitem_img_blocklinks_4_6","label":"Image blocklinks 6"},{"type":"url","id":"apmenuitem_url_blocklinks_4_6","label":"Url Image blocklinks 6"},{"type":"header","content":"Menu block video"},{"type":"checkbox","id":"apmenuitem_evideo_4","label":"Enable\/Disable"},{"type":"select","id":"apmenuitem_columns_blockvideo_4","label":"Width of the block video than megamenu","options":[{"value":"1","label":"1\/12 (8.33%)"},{"value":"2","label":"2\/12 (16.67%)"},{"value":"3","label":"3\/12 (25.00%)"},{"value":"4","label":"4\/12 (33.33%)"},{"value":"5","label":"5\/12 (41.67%)"},{"value":"6","label":"6\/12 (50.00%)"},{"value":"7","label":"7\/12 (58.33%)"},{"value":"8","label":"8\/12 (66.67%)"},{"value":"9","label":"9\/12 (75.00%)"},{"value":"10","label":"10\/12 (83.33%)"},{"value":"11","label":"11\/12 (91.67%)"},{"value":"12","label":"12\/12 (100.00%)"}],"info":"Width of the block video in a row of megamenu"},{"type":"textarea","id":"apmenuitem_cvideo_4","label":"Code video content","info":"Copy Video CODE from youtube, vimeo and put here"},{"type":"header","content":"Menu block products"},{"type":"checkbox","id":"apmenuitem_eproduct_4","label":"Enable\/Disable"},{"type":"select","id":"apmenuitem_columns_blockproducts_4","label":"Width of the block products than megamenu","options":[{"value":"1","label":"1\/12 (8.33%)"},{"value":"2","label":"2\/12 (16.67%)"},{"value":"3","label":"3\/12 (25.00%)"},{"value":"4","label":"4\/12 (33.33%)"},{"value":"5","label":"5\/12 (41.67%)"},{"value":"6","label":"6\/12 (50.00%)"},{"value":"7","label":"7\/12 (58.33%)"},{"value":"8","label":"8\/12 (66.67%)"},{"value":"9","label":"9\/12 (75.00%)"},{"value":"10","label":"10\/12 (83.33%)"},{"value":"11","label":"11\/12 (91.67%)"},{"value":"12","label":"12\/12 (100.00%)"}],"info":"Width of the block products in a row of megamenu"},{"type":"text","id":"apmenuitem_tproduct_4","label":"Block products Heading"},{"type":"collection","id":"apmenuitem_cproduct_4","label":"Block products Collection"},{"type":"text","id":"apmenuitem_nproduct_4","label":"The maximum number of products"},{"type":"header","content":"Menu block html"},{"type":"checkbox","id":"apmenuitem_ehtml_4","label":"Enable\/Disable"},{"type":"select","id":"apmenuitem_columns_blockhtml_4","label":"Width of the block html than megamenu","options":[{"value":"1","label":"1\/12 (8.33%)"},{"value":"2","label":"2\/12 (16.67%)"},{"value":"3","label":"3\/12 (25.00%)"},{"value":"4","label":"4\/12 (33.33%)"},{"value":"5","label":"5\/12 (41.67%)"},{"value":"6","label":"6\/12 (50.00%)"},{"value":"7","label":"7\/12 (58.33%)"},{"value":"8","label":"8\/12 (66.67%)"},{"value":"9","label":"9\/12 (75.00%)"},{"value":"10","label":"10\/12 (83.33%)"},{"value":"11","label":"11\/12 (91.67%)"},{"value":"12","label":"12\/12 (100.00%)"}],"info":"Width of the block html in a row of megamenu"},{"type":"text","id":"apmenuitem_thtml_4","label":"Block html Heading"},{"type":"url","id":"apmenuitem_lchtml_4","label":"Link Html block"},{"type":"checkbox","id":"apmenuitem_eihtml_4","label":"Use image"},{"type":"image","id":"apmenuitem_ihtml_4.jpg","label":"Block html image","info":"Max size: 1170px x 500px"},{"type":"textarea","id":"apmenuitem_chtml_4","label":"Block html description"},{"type":"header","content":"Position of 4 block on megamenu"},{"type":"select","id":"position_menu_blocklink_4","label":"Position Menu Block Link","options":[{"value":"1","label":"1"},{"value":"2","label":"2"},{"value":"3","label":"3"},{"value":"4","label":"4"}],"default":"1","info":"Position block links on the menu"},{"type":"select","id":"position_menu_blockvideo_4","label":"Position Menu Block Video","options":[{"value":"1","label":"1"},{"value":"2","label":"2"},{"value":"3","label":"3"},{"value":"4","label":"4"}],"default":"2","info":"Position block video on the menu"},{"type":"select","id":"position_menu_blockproduct_4","label":"Position Menu Block Product","options":[{"value":"1","label":"1"},{"value":"2","label":"2"},{"value":"3","label":"3"},{"value":"4","label":"4"}],"default":"3","info":"Position block product on the menu"},{"type":"select","id":"position_menu_blockhtml_4","label":"Position Menu Block HTML","options":[{"value":"1","label":"1"},{"value":"2","label":"2"},{"value":"3","label":"3"},{"value":"4","label":"4"}],"default":"4","info":"Position block html on the menu"},{"type":"header","content":"5th MEGAMENU ITEM"},{"type":"checkbox","id":"apmenuitem_enable_5","label":"5th Enable megamenu item"},{"type":"text","id":"apmenuitem_title_5","label":"5th Menu item","info":"(*) Enter \"Link Name\" of \"Navigation \/ Main Menu\"."},{"type":"checkbox","id":"apmenuitem_fullwidth_5","label":"5th Megamenu item fullwidth"},{"type":"text","id":"apmenuitem_width_5","label":"5th Megamenu item width","info":"Used pixcel (eg: 1000px). Leave empty if selected fullwidth."},{"type":"text","id":"apmenuitem_position_5","label":"5th Megamenu item postion (Header On Home page)","info":"Used pixcel (eg: -200px). Position megamenu dropdown on Home page. Leave empty if selected fullwidth."},{"type":"text","id":"apmenuitem_position_orther_5","label":"5th Megamenu item Position (Header On Ortherpages)","info":"Used pixcel (eg: -300px). Position megamenu dropdown On Ortherpages. Leave empty if selected fullwidth. "},{"type":"checkbox","id":"apbgimage_enable_5","label":"Background enable"},{"type":"image_picker","id":"apmenuitem_bg_image_5","label":"5th Megamenu  Background Image"},{"type":"header","content":"Menu block links"},{"type":"checkbox","id":"apmenuitem_eblocklinks_5","label":"Enable\/Disable"},{"type":"select","id":"apmenuitem_columns_blocklinks_5","label":"Width of the block links than megamenu","options":[{"value":"1","label":"1\/12 (8.33%)"},{"value":"2","label":"2\/12 (16.67%)"},{"value":"3","label":"3\/12 (25.00%)"},{"value":"4","label":"4\/12 (33.33%)"},{"value":"5","label":"5\/12 (41.67%)"},{"value":"6","label":"6\/12 (50.00%)"},{"value":"7","label":"7\/12 (58.33%)"},{"value":"8","label":"8\/12 (66.67%)"},{"value":"9","label":"9\/12 (75.00%)"},{"value":"10","label":"10\/12 (83.33%)"},{"value":"11","label":"11\/12 (91.67%)"},{"value":"12","label":"12\/12 (100.00%)"}],"info":"Width of the block links in a row of megamenu"},{"type":"select","id":"apmenuitem_columns_5","label":"Width of the links than block links","options":[{"value":"1","label":"1\/12 (8.33%)"},{"value":"2","label":"2\/12 (16.67%)"},{"value":"3","label":"3\/12 (25.00%)"},{"value":"4","label":"4\/12 (33.33%)"},{"value":"5","label":"5\/12 (41.67%)"},{"value":"6","label":"6\/12 (50.00%)"},{"value":"7","label":"7\/12 (58.33%)"},{"value":"8","label":"8\/12 (66.67%)"},{"value":"9","label":"9\/12 (75.00%)"},{"value":"10","label":"10\/12 (83.33%)"},{"value":"11","label":"11\/12 (91.67%)"},{"value":"12","label":"12\/12 (100.00%)"}],"info":"Width of the links(Navigation->Menu) than block links"},{"type":"header","content":"Image Block Links"},{"type":"checkbox","id":"apmenuitem_img_blocklinks_enable_5","label":"Enable Image Blocklinks","default":false},{"type":"image_picker","id":"apmenuitem_img_blocklinks_5_1","label":"Image blocklinks 1"},{"type":"url","id":"apmenuitem_url_blocklinks_5_1","label":"Url Image blocklinks 1"},{"type":"image_picker","id":"apmenuitem_img_blocklinks_5_2","label":"Image blocklinks 2"},{"type":"url","id":"apmenuitem_url_blocklinks_5_2","label":"Url Image blocklinks 2"},{"type":"image_picker","id":"apmenuitem_img_blocklinks_5_3","label":"Image blocklinks 3"},{"type":"url","id":"apmenuitem_url_blocklinks_5_3","label":"Url Image blocklinks 3"},{"type":"image_picker","id":"apmenuitem_img_blocklinks_5_4","label":"Image blocklinks 4"},{"type":"url","id":"apmenuitem_url_blocklinks_5_4","label":"Url Image blocklinks 4"},{"type":"image_picker","id":"apmenuitem_img_blocklinks_5_5","label":"Image blocklinks 5"},{"type":"url","id":"apmenuitem_url_blocklinks_5_5","label":"Url Image blocklinks 5"},{"type":"image_picker","id":"apmenuitem_img_blocklinks_5_6","label":"Image blocklinks 6"},{"type":"url","id":"apmenuitem_url_blocklinks_5_6","label":"Url Image blocklinks 6"},{"type":"header","content":"Menu block video"},{"type":"checkbox","id":"apmenuitem_evideo_5","label":"Enable\/Disable"},{"type":"select","id":"apmenuitem_columns_blockvideo_5","label":"Width of the block video than megamenu","options":[{"value":"1","label":"1\/12 (8.33%)"},{"value":"2","label":"2\/12 (16.67%)"},{"value":"3","label":"3\/12 (25.00%)"},{"value":"4","label":"4\/12 (33.33%)"},{"value":"5","label":"5\/12 (41.67%)"},{"value":"6","label":"6\/12 (50.00%)"},{"value":"7","label":"7\/12 (58.33%)"},{"value":"8","label":"8\/12 (66.67%)"},{"value":"9","label":"9\/12 (75.00%)"},{"value":"10","label":"10\/12 (83.33%)"},{"value":"11","label":"11\/12 (91.67%)"},{"value":"12","label":"12\/12 (100.00%)"}],"info":"Width of the block video in a row of megamenu"},{"type":"textarea","id":"apmenuitem_cvideo_5","label":"Code video content","info":"Copy Video CODE from youtube, vimeo and put here"},{"type":"header","content":"Menu block products"},{"type":"checkbox","id":"apmenuitem_eproduct_5","label":"Enable\/Disable"},{"type":"select","id":"apmenuitem_columns_blockproducts_5","label":"Width of the block products than megamenu","options":[{"value":"1","label":"1\/12 (8.33%)"},{"value":"2","label":"2\/12 (16.67%)"},{"value":"3","label":"3\/12 (25.00%)"},{"value":"4","label":"4\/12 (33.33%)"},{"value":"5","label":"5\/12 (41.67%)"},{"value":"6","label":"6\/12 (50.00%)"},{"value":"7","label":"7\/12 (58.33%)"},{"value":"8","label":"8\/12 (66.67%)"},{"value":"9","label":"9\/12 (75.00%)"},{"value":"10","label":"10\/12 (83.33%)"},{"value":"11","label":"11\/12 (91.67%)"},{"value":"12","label":"12\/12 (100.00%)"}],"info":"Width of the block products in a row of megamenu"},{"type":"text","id":"apmenuitem_tproduct_5","label":"Block products Heading"},{"type":"collection","id":"apmenuitem_cproduct_5","label":"Block products Collection"},{"type":"text","id":"apmenuitem_nproduct_5","label":"The maximum number of products"},{"type":"header","content":"Menu block html"},{"type":"checkbox","id":"apmenuitem_ehtml_5","label":"Enable\/Disable"},{"type":"select","id":"apmenuitem_columns_blockhtml_5","label":"Width of the block html than megamenu","options":[{"value":"1","label":"1\/12 (8.33%)"},{"value":"2","label":"2\/12 (16.67%)"},{"value":"3","label":"3\/12 (25.00%)"},{"value":"4","label":"4\/12 (33.33%)"},{"value":"5","label":"5\/12 (41.67%)"},{"value":"6","label":"6\/12 (50.00%)"},{"value":"7","label":"7\/12 (58.33%)"},{"value":"8","label":"8\/12 (66.67%)"},{"value":"9","label":"9\/12 (75.00%)"},{"value":"10","label":"10\/12 (83.33%)"},{"value":"11","label":"11\/12 (91.67%)"},{"value":"12","label":"12\/12 (100.00%)"}],"info":"Width of the block html in a row of megamenu"},{"type":"text","id":"apmenuitem_thtml_5","label":"Block html Heading"},{"type":"url","id":"apmenuitem_lchtml_5","label":"Link Html block"},{"type":"checkbox","id":"apmenuitem_eihtml_5","label":"Use image"},{"type":"image","id":"apmenuitem_ihtml_5.jpg","label":"Block html image","info":"Max size: 1170px x 500px"},{"type":"textarea","id":"apmenuitem_chtml_5","label":"Block html description"},{"type":"header","content":"Position of 4 block on megamenu"},{"type":"select","id":"position_menu_blocklink_5","label":"Position Menu Block Link","options":[{"value":"1","label":"1"},{"value":"2","label":"2"},{"value":"3","label":"3"},{"value":"4","label":"4"}],"default":"1","info":"Position block links on the menu"},{"type":"select","id":"position_menu_blockvideo_5","label":"Position Menu Block Video","options":[{"value":"1","label":"1"},{"value":"2","label":"2"},{"value":"3","label":"3"},{"value":"4","label":"4"}],"default":"2","info":"Position block video on the menu"},{"type":"select","id":"position_menu_blockproduct_5","label":"Position Menu Block Product","options":[{"value":"1","label":"1"},{"value":"2","label":"2"},{"value":"3","label":"3"},{"value":"4","label":"4"}],"default":"3","info":"Position block product on the menu"},{"type":"select","id":"position_menu_blockhtml_5","label":"Position Menu Block HTML","options":[{"value":"1","label":"1"},{"value":"2","label":"2"},{"value":"3","label":"3"},{"value":"4","label":"4"}],"default":"4","info":"Position block html on the menu"}]},{"name":"Footer v1","settings":[{"type":"header","content":"Footer Top"},{"type":"header","content":"setting logo"},{"type":"image_picker","id":"fv1_main_logo","label":"Logo image","info":"160 x 46px .png recommended"},{"type":"range","id":"fv1_main_logo_maxwidth","min":100,"max":300,"step":5,"unit":"px","label":"Logo display width","default":160},{"type":"textarea","id":"logo_svg1","label":" SVG logo"},{"type":"text","id":"titlecolum_fv1_1","label":"Heading Colum 1","default":"HELP & INFORMATION"},{"type":"link_list","id":"menu_fv1_1","label":"Select Menu colum 1"},{"type":"text","id":"titlecolum_fv1_2","label":"Heading Colum 2","default":"About us"},{"type":"link_list","id":"menu_fv1_2","label":"Select Menu colum 2"},{"type":"text","id":"titlecolum_fv1_3","label":"Heading Colum 3","default":"Categories"},{"type":"link_list","id":"menu_fv1_3","label":"Select Menu colum 3"},{"type":"text","id":"titlecolum_fv1_4","label":"Heading Colum 4","default":"The good stuff in your inbox"},{"type":"textarea","id":"content_colum_fv1_4","label":"Content Colum 4","default":"News & updates from VegedaStore.<br>No spam, we promise."},{"type":"header","content":"Social Media"},{"type":"text","id":"icon_sc_fv1_1","label":"Icon 1","default":"fa fa-twitter","info":"[Get icon in here](https:\/\/fontawesome.com\/v4.7.0\/icons)"},{"type":"url","id":"url_sc_fv1_1","label":"URL social media 1"},{"type":"text","id":"icon_sc_fv1_2","label":"Icon 2","default":"fa fa-dribbble","info":"[Get icon in here](https:\/\/fontawesome.com\/v4.7.0\/icons)"},{"type":"url","id":"url_sc_fv1_2","label":"URL social media 2"},{"type":"text","id":"icon_sc_fv1_3","label":"Icon 3","default":"fa fa-behance","info":"[Get icon in here](https:\/\/fontawesome.com\/v4.7.0\/icons)"},{"type":"url","id":"url_sc_fv1_3","label":"URL social media 3"},{"type":"text","id":"icon_sc_fv1_4","label":"Icon 4","default":"fa fa-instagram","info":"[Get icon in here](https:\/\/fontawesome.com\/v4.7.0\/icons)"},{"type":"url","id":"url_sc_fv1_4","label":"URL social media 4"},{"type":"header","content":"Footer Bottom"},{"type":"checkbox","id":"enable_fv1_bottom","label":"Enable","default":true},{"type":"textarea","id":"fv1_bottom_copyright","label":"Copyright content"},{"type":"image_picker","id":"fv1_bottom_payment_img","label":"Payment image"}]},{"name":"Footer v2","settings":[{"type":"header","content":"Footer Top"},{"type":"header","content":"setting logo"},{"type":"image_picker","id":"fv2_main_logo","label":"Logo image","info":"160 x 46px .png recommended"},{"type":"range","id":"fv2_main_logo_maxwidth","min":100,"max":300,"step":5,"unit":"px","label":"Logo display width","default":160},{"type":"textarea","id":"logo_svg2","label":" SVG logo"},{"type":"text","id":"titlecolum_fv2_1","label":"Heading Colum 1","default":"HELP & INFORMATION"},{"type":"link_list","id":"menu_fv2_1","label":"Select Menu colum 1"},{"type":"text","id":"titlecolum_fv2_2","label":"Heading Colum 2","default":"About us"},{"type":"link_list","id":"menu_fv2_2","label":"Select Menu colum 2"},{"type":"text","id":"titlecolum_fv2_3","label":"Heading Colum 3","default":"Categories"},{"type":"link_list","id":"menu_fv2_3","label":"Select Menu colum 3"},{"type":"text","id":"titlecolum_fv2_4","label":"Heading Colum 4","default":"The good stuff in your inbox"},{"type":"textarea","id":"content_colum_fv2_4","label":"Content Colum 4","default":"News & updates from VegedaStore.<br>No spam, we promise."},{"type":"header","content":"Social Media"},{"type":"text","id":"icon_sc_fv2_1","label":"Icon 1","default":"fa fa-twitter","info":"[Get icon in here](https:\/\/fontawesome.com\/v4.7.0\/icons)"},{"type":"url","id":"url_sc_fv2_1","label":"URL social media 1"},{"type":"text","id":"icon_sc_fv2_2","label":"Icon 2","default":"fa fa-dribbble","info":"[Get icon in here](https:\/\/fontawesome.com\/v4.7.0\/icons)"},{"type":"url","id":"url_sc_fv2_2","label":"URL social media 2"},{"type":"text","id":"icon_sc_fv2_3","label":"Icon 3","default":"fa fa-behance","info":"[Get icon in here](https:\/\/fontawesome.com\/v4.7.0\/icons)"},{"type":"url","id":"url_sc_fv2_3","label":"URL social media 3"},{"type":"text","id":"icon_sc_fv2_4","label":"Icon 4","default":"fa fa-instagram","info":"[Get icon in here](https:\/\/fontawesome.com\/v4.7.0\/icons)"},{"type":"url","id":"url_sc_fv2_4","label":"URL social media 4"},{"type":"header","content":"Footer Bottom"},{"type":"checkbox","id":"enable_fv2_bottom","label":"Enable","default":true},{"type":"textarea","id":"fv2_bottom_copyright","label":"Copyright content"},{"type":"image_picker","id":"fv2_bottom_payment_img","label":"Payment image"}]},{"name":"Footer v3","settings":[{"type":"header","content":"Newsletter"},{"type":"text","id":"title_newletter","label":"Heading Newsletter","default":"Our Newsletter"},{"type":"text","id":"content_newletter","label":"Content Newsletter","default":"Join our list and get 15% off your first purchase! Don’t worry we don’t spam "},{"type":"header","content":"Copyright"},{"type":"text","id":"copyright_fv3","label":"Copy right","default":"Your Shop Name Online Store"},{"type":"header","content":"setting menu"},{"type":"link_list","id":"menu_fv3","label":"Select Menu footer"},{"type":"header","content":"Social Media"},{"type":"text","id":"icon_sc_fv3_1","label":"Icon 1","default":"fa fa-twitter","info":"[Get icon in here](https:\/\/fontawesome.com\/v4.7.0\/icons)"},{"type":"url","id":"url_sc_fv3_1","label":"URL social media 1"},{"type":"text","id":"icon_sc_fv3_2","label":"Icon 2","default":"fa fa-dribbble","info":"[Get icon in here](https:\/\/fontawesome.com\/v4.7.0\/icons)"},{"type":"url","id":"url_sc_fv3_2","label":"URL social media 2"},{"type":"text","id":"icon_sc_fv3_3","label":"Icon 3","default":"fa fa-behance","info":"[Get icon in here](https:\/\/fontawesome.com\/v4.7.0\/icons)"},{"type":"url","id":"url_sc_fv3_3","label":"URL social media 3"},{"type":"text","id":"icon_sc_fv3_4","label":"Icon 4","default":"fa fa-instagram","info":"[Get icon in here](https:\/\/fontawesome.com\/v4.7.0\/icons)"},{"type":"url","id":"url_sc_fv3_4","label":"URL social media 4"}]},{"name":"Footer v4","settings":[{"type":"header","info":"MailChimp form action URL: Setting in Login Store > Customize theme >Theme settings tab > Mailchimp","content":"Footer Column 4"},{"type":"header","content":"Footer Top"},{"type":"text","id":"titlecolum_fv4_1","label":"Heading Colum 1","default":"TOP BRAND"},{"type":"link_list","id":"menu_fv4_1","label":"Select Menu colum 1"},{"type":"text","id":"titlecolum_fv4_2","label":"Heading Colum 2","default":"HELP"},{"type":"link_list","id":"menu_fv4_2","label":"Select Menu colum 2"},{"type":"text","id":"titlecolum_fv4_3","label":"Heading Colum 3","default":"Contact"},{"type":"link_list","id":"menu_fv4_3","label":"Select Menu colum 3"},{"type":"text","id":"titlecolum_fv4_4","label":"Heading Colum 4","default":"Contact"},{"type":"textarea","id":"content_colum_fv4_5_1","label":"Content Contact Collum 4"},{"type":"textarea","id":"content_colum_fv4_5","label":"Content Social Collum 4"},{"type":"text","id":"titlecolum_fv4_5","label":"Heading Colum 5","default":"Contact"},{"type":"textarea","id":"content_colum_fv4_4","label":"Content Colum 5","default":"Get updates by subscribe our weekly newsletter"},{"type":"header","content":"Footer Bottom"},{"type":"checkbox","id":"enable_fv4_bottom","label":"Enable","default":true},{"type":"header","content":"setting logo"},{"type":"image_picker","id":"fv4_main_logo","label":"Logo image","info":"45 x 45px .png recommended"},{"type":"range","id":"fv4_main_logo_maxwidth","min":30,"max":300,"step":5,"unit":"px","label":"Logo display width","default":160},{"type":"textarea","id":"logo_svg4","label":" SVG logo"},{"type":"image_picker","id":"fv4_bottom_payment_img","label":"Payment image"},{"type":"textarea","id":"fv4_bottom_copyright","label":"Copyright content"}]},{"name":"Footer v5","settings":[{"type":"header","content":"Footer menu"},{"type":"text","id":"title_menu_fv5","label":"Heading menu 1","default":"Customer care"},{"type":"link_list","id":"menu_fv5_1","label":"Select Menu"},{"type":"link_list","id":"menu_fv5_2","label":"Select Menu"},{"type":"header","content":"Social"},{"type":"text","id":"icon_sc_fv5_1","label":"Icon 1","default":"fa fa-twitter","info":"[Get icon in here](https:\/\/fontawesome.com\/v4.7.0\/icons)"},{"type":"url","id":"url_sc_fv5_1","label":"URL social 1"},{"type":"text","id":"icon_sc_fv5_2","label":"Icon 2","default":"fa fa-dribbble","info":"[Get icon in here](https:\/\/fontawesome.com\/v4.7.0\/icons)"},{"type":"url","id":"url_sc_fv5_2","label":"URL social 2"},{"type":"text","id":"icon_sc_fv5_3","label":"Icon 3","default":"fa fa-behance","info":"[Get icon in here](https:\/\/fontawesome.com\/v4.7.0\/icons)"},{"type":"url","id":"url_sc_fv5_3","label":"URL social 3"},{"type":"text","id":"icon_sc_fv5_4","label":"Icon 4","default":"fa fa-instagram","info":"[Get icon in here](https:\/\/fontawesome.com\/v4.7.0\/icons)"},{"type":"url","id":"url_sc_fv5_4","label":"URL social 4"},{"type":"header","content":"setting logo"},{"type":"image_picker","id":"fv5_main_logo","label":"Logo image","info":"45 x 45px .png recommended"},{"type":"range","id":"fv5_main_logo_maxwidth","min":100,"max":300,"step":5,"unit":"px","label":"Logo display width","default":160},{"type":"textarea","id":"logo_svg5","label":" SVG logo"},{"type":"textarea","id":"content_colum_fv5_4","label":"Content right","default":"E : Sayhello@vegeda.com"},{"type":"header","content":"Form Newsletter"},{"type":"text","id":"title_menu2_fv5","label":"Heading Newsletter","default":"NEWSLETTER"},{"type":"text","id":"sub_title","label":"Subheading Newsletter","default":"Don't miss out on the latest."},{"type":"text","id":"content_fv5","label":"Content","default":"Get notified of new products, limited releases, and more."},{"type":"image_picker","id":"fv5_bottom_payment_img","label":"Payment image"},{"type":"textarea","id":"fv5_bottom_copyright","label":"Copyright content"}]},{"name":"Footer v6","settings":[{"type":"header","content":"setting menu"},{"type":"link_list","id":"menu_fv6","label":"Select Menu footer"},{"type":"header","content":"setting logo"},{"type":"image_picker","id":"fv6_main_logo","label":"Logo image","info":"11 x 28px .png recommended"},{"type":"range","id":"fv6_main_logo_maxwidth","min":100,"max":300,"step":5,"unit":"px","label":"Logo display width","default":160},{"type":"textarea","id":"logo_svg6","label":" SVG logo"},{"type":"header","content":"Social Media"},{"type":"text","id":"icon_sc_fv6_1","label":"Icon 1","default":"fa fa-twitter","info":"[Get icon in here](https:\/\/fontawesome.com\/v4.7.0\/icons)"},{"type":"url","id":"url_sc_fv6_1","label":"URL social media 1"},{"type":"text","id":"icon_sc_fv6_2","label":"Icon 2","default":"fa fa-dribbble","info":"[Get icon in here](https:\/\/fontawesome.com\/v4.7.0\/icons)"},{"type":"url","id":"url_sc_fv6_2","label":"URL social media 2"},{"type":"text","id":"icon_sc_fv6_3","label":"Icon 3","default":"fa fa-behance","info":"[Get icon in here](https:\/\/fontawesome.com\/v4.7.0\/icons)"},{"type":"url","id":"url_sc_fv6_3","label":"URL social media 3"},{"type":"text","id":"icon_sc_fv6_4","label":"Icon 4","default":"fa fa-instagram","info":"[Get icon in here](https:\/\/fontawesome.com\/v4.7.0\/icons)"},{"type":"url","id":"url_sc_fv6_4","label":"URL social media 4"},{"type":"header","content":"Copyright"},{"type":"text","id":"copyright_fv6","label":"Copy right","default":"Vegeda Online Store"}]},{"name":"Product","settings":[{"type":"header","content":"Product swatch"},{"type":"radio","id":"po_style","label":"Product Options Style","options":[{"value":"po_dropdown","label":"Select Dropdown List"},{"value":"po_swatchs","label":"Color Swatches"}],"default":"po_swatchs"},{"type":"header","content":"Style Swatch"},{"type":"select","id":"swatch_style","label":"Swatch Options Style","info":"[View Samples](https:\/\/cdn.shopify.com\/s\/files\/1\/0579\/5568\/0414\/files\/Swatch-Styles.jpg?v=1627289328)","options":[{"value":"default","label":"01.Swatch Default"},{"value":"sw_radio1","label":"02.Swatch with radio 1"},{"value":"sw_gallery","label":"03.Swatch with radio 2"},{"value":"sw_radio3","label":"04.Swatch with radio 3"},{"value":"sw_radio4","label":"05.Swatch with radio 4"},{"value":"sw_rectangle1","label":"06.Swatch with rectangle 1"},{"value":"sw_rectangle2","label":"07.Swatch with rectangle 2"},{"value":"sw_radio2","label":"08.Swatch with gallery"}],"default":"default"},{"type":"header","content":"Product Item Style"},{"type":"select","id":"product_style","label":"Product Item Style","info":"[View Samples](https:\/\/foden-store-demo-v2.myshopify.com\/pages\/product-hover)","options":[{"value":"style_1","label":"Style 1"},{"value":"style_2","label":"Style 2"},{"value":"style_3","label":"Style 3"},{"value":"style_4","label":"Style 4"},{"value":"style_5","label":"Style 5"},{"value":"style_6","label":"Style 6"},{"value":"style_7","label":"Style 7"},{"value":"style_8","label":"Style 8"},{"value":"style_9","label":"Style 9"}],"default":"style_1"},{"type":"header","content":"Product Label"},{"type":"checkbox","id":"show_new_label","label":"Show Label New","info":"You need \"Publish date product < Display times\". Display times setting underneath","default":true},{"type":"text","id":"product_new_time","label":"Display times (days)","default":"69"},{"type":"text","id":"new_label_name","label":"Label Name","default":"New"},{"type":"color","id":"new_label_color","label":"Label background color","default":"#41cce5"},{"type":"color","id":"new_label_text_color","label":"Text color","default":"#ffffff"},{"type":"checkbox","id":"show_sale_label","label":"Enable Label Sale","info":"You need \"Price < Compare at price\" in product","default":true},{"type":"text","id":"sale_label_name","label":"Label Name","default":"Sale"},{"type":"color","id":"sale_label_color","label":"Label background color","default":"#ff4949"},{"type":"color","id":"sale_label_text_color","label":"Text color","default":"#ffffff"},{"type":"header","content":"Product Icon Action"},{"type":"header","content":"Wishlist"},{"type":"text","id":"pia_wishlist","label":"Icon","info":"[Get icon from here](https:\/\/fontawesome.com\/v4.7.0\/icons\/)","default":"fa fa-heart-o"},{"type":"textarea","id":"pia_wishlist_svg","label":"Icon SVG"},{"type":"text","id":"pia_wishlist_name","label":"Name","default":"Add to Wishlist"},{"type":"header","content":"Quick view"},{"type":"text","id":"pia_quickview","label":"Icon","info":"[Get icon from here](https:\/\/fontawesome.com\/v4.7.0\/icons\/)","default":"ti-search"},{"type":"textarea","id":"pia_quickview_svg","label":"Icon SVG"},{"type":"text","id":"pia_quickview_name","label":"Name","default":"Quickview"},{"type":"header","content":"Select Option"},{"type":"text","id":"pia_selectoption","label":"Icon","info":"[Get icon from here](https:\/\/fontawesome.com\/v4.7.0\/icons\/)","default":"ti-more-alt"},{"type":"textarea","id":"pia_selectoption_svg","label":"Icon SVG"},{"type":"text","id":"pia_selectoption_name","label":"Name","default":"Select Option"},{"type":"header","content":"Add To Cart"},{"type":"text","id":"pia_addcart","label":"Icon","info":"[Get icon from here](https:\/\/fontawesome.com\/v4.7.0\/icons\/)","default":"icon-icon-cart"},{"type":"textarea","id":"pia_addcart_svg","label":"Icon SVG"},{"type":"text","id":"pia_addcart_name","label":"Name","default":"Add to Cart"},{"type":"header","content":"Sold Out"},{"type":"text","id":"pia_sold","label":"Icon","info":"[Get icon from here](https:\/\/fontawesome.com\/v4.7.0\/icons\/)","default":"ti-close"},{"type":"textarea","id":"pia_sold_svg","label":"Icon SVG"},{"type":"text","id":"pia_sold_name","label":"Name","default":"View more"}]},{"name":"Collection Page","settings":[{"type":"header","content":"Collection Background Mordern"},{"type":"image_picker","id":"bg_img_col_mordern","label":"Background Image","info":"1920 x 2400px recommended"},{"type":"paragraph","content":"List Image Icon"},{"type":"image_picker","id":"img_collection_1","info":"110 x 110px recommended","label":"Icon Collection 1"},{"type":"text","id":"title_collection_1","label":"Heading","default":"New In"},{"type":"color","id":"color_title_collection_1","label":"Color Heading","default":"#000"},{"type":"url","id":"url_coll_1","label":"Url"},{"type":"image_picker","id":"img_collection_2","info":"110 x 110px recommended","label":"Icon Collection 2"},{"type":"text","id":"title_collection_2","label":"Heading","default":"New In"},{"type":"color","id":"color_title_collection_2","label":"Color Heading","default":"#000"},{"type":"url","id":"url_coll_2","label":"Url"},{"type":"image_picker","id":"img_collection_3","info":"110 x 110px recommended","label":"Icon Collection 3"},{"type":"text","id":"title_collection_3","label":"Heading","default":"New In"},{"type":"color","id":"color_title_collection_3","label":"Color Heading","default":"#000"},{"type":"url","id":"url_coll_3","label":"Url"},{"type":"image_picker","id":"img_collection_4","info":"110 x 110px recommended","label":"Icon Collection 4"},{"type":"text","id":"title_collection_4","label":"Heading","default":"New In"},{"type":"color","id":"color_title_collection_4","label":"Color Heading","default":"#000"},{"type":"url","id":"url_coll_4","label":"Url"},{"type":"image_picker","id":"img_collection_5","info":"110 x 110px recommended","label":"Icon Collection 5"},{"type":"text","id":"title_collection_5","label":"Heading","default":"New In"},{"type":"color","id":"color_title_collection_5","label":"Color Heading","default":"#000"},{"type":"url","id":"url_coll_5","label":"Url"},{"type":"image_picker","id":"img_collection_6","info":"110 x 110px recommended","label":"Icon Collection 6"},{"type":"text","id":"title_collection_6","label":"Heading","default":"New In"},{"type":"color","id":"color_title_collection_6","label":"Color Heading","default":"#000"},{"type":"url","id":"url_coll_6","label":"Url"},{"type":"image_picker","id":"img_collection_7","info":"110 x 110px recommended","label":"Icon Collection 7"},{"type":"text","id":"title_collection_7","label":"Heading","default":"New In"},{"type":"color","id":"color_title_collection_7","label":"Color Heading","default":"#000"},{"type":"url","id":"url_coll_7","label":"Url"},{"type":"image_picker","id":"img_collection_8","info":"110 x 110px recommended","label":"Icon Collection 8"},{"type":"text","id":"title_collection_8","label":"Heading","default":"New In"},{"type":"color","id":"color_title_collection_8","label":"Color Heading","default":"#000"},{"type":"url","id":"url_coll_8","label":"Url"},{"type":"image_picker","id":"img_collection_9","info":"110 x 110px recommended","label":"Icon Collection 9"},{"type":"text","id":"title_collection_9","label":"Heading","default":"New In"},{"type":"color","id":"color_title_collection_9","label":"Color Heading","default":"#000"},{"type":"url","id":"url_coll_9","label":"Url"},{"type":"image_picker","id":"img_collection_10","info":"110 x 110px recommended","label":"Icon Collection 10"},{"type":"text","id":"title_collection_10","label":"Heading","default":"New In"},{"type":"color","id":"color_title_collection_10","label":"Color Heading","default":"#000"},{"type":"url","id":"url_coll_10","label":"Url"},{"type":"header","content":"Widget Filter"},{"type":"paragraph","content":"Choose your widget and their order."},{"type":"select","id":"collection_widget_1","label":"Widget 1","options":[{"value":"","label":"None"},{"value":"collection-widget-categories","label":"Widget Categories"},{"value":"collection.shopby-color","label":"Widget Color Filter"},{"value":"collection.shopby-size","label":"Widget Size Filter"},{"value":"collection.shopby-price","label":"Widget Price Filter"},{"value":"collection-widget-tags","label":"Widget Tags"},{"value":"collection.shopby-brand","label":"Widget Brand"},{"value":"collection.shopby-banner","label":"Widget Banner"}]},{"type":"select","id":"collection_widget_2","label":"Widget 2","options":[{"value":"","label":"None"},{"value":"collection-widget-categories","label":"Widget Categories"},{"value":"collection.shopby-color","label":"Widget Color Filter"},{"value":"collection.shopby-size","label":"Widget Size Filter"},{"value":"collection.shopby-price","label":"Widget Price Filter"},{"value":"collection-widget-tags","label":"Widget Tags"},{"value":"collection.shopby-brand","label":"Widget Brand"},{"value":"collection.shopby-banner","label":"Widget Banner"}]},{"type":"select","id":"collection_widget_3","label":"Widget 3","options":[{"value":"","label":"None"},{"value":"collection-widget-categories","label":"Widget Categories"},{"value":"collection.shopby-color","label":"Widget Color Filter"},{"value":"collection.shopby-size","label":"Widget Size Filter"},{"value":"collection.shopby-price","label":"Widget Price Filter"},{"value":"collection-widget-tags","label":"Widget Tags"},{"value":"collection.shopby-brand","label":"Widget Brand"},{"value":"collection.shopby-banner","label":"Widget Banner"}]},{"type":"select","id":"collection_widget_4","label":"Widget 4","options":[{"value":"","label":"None"},{"value":"collection-widget-categories","label":"Widget Categories"},{"value":"collection.shopby-color","label":"Widget Color Filter"},{"value":"collection.shopby-size","label":"Widget Size Filter"},{"value":"collection.shopby-price","label":"Widget Price Filter"},{"value":"collection-widget-tags","label":"Widget Tags"},{"value":"collection.shopby-brand","label":"Widget Brand"},{"value":"collection.shopby-banner","label":"Widget Banner"}]},{"type":"select","id":"collection_widget_5","label":"Widget 5","options":[{"value":"","label":"None"},{"value":"collection-widget-categories","label":"Widget Categories"},{"value":"collection.shopby-color","label":"Widget Color Filter"},{"value":"collection.shopby-size","label":"Widget Size Filter"},{"value":"collection.shopby-price","label":"Widget Price Filter"},{"value":"collection-widget-tags","label":"Widget Tags"},{"value":"collection.shopby-brand","label":"Widget Brand"},{"value":"collection.shopby-banner","label":"Widget Banner"}]},{"type":"select","id":"collection_widget_6","label":"Widget 6","options":[{"value":"","label":"None"},{"value":"collection-widget-categories","label":"Widget Categories"},{"value":"collection.shopby-color","label":"Widget Color Filter"},{"value":"collection.shopby-size","label":"Widget Size Filter"},{"value":"collection.shopby-price","label":"Widget Price Filter"},{"value":"collection-widget-tags","label":"Widget Tags"},{"value":"collection.shopby-brand","label":"Widget Brand"},{"value":"collection.shopby-banner","label":"Widget Banner"}]},{"type":"select","id":"collection_widget_7","label":"Widget 7","options":[{"value":"","label":"None"},{"value":"collection-widget-categories","label":"Widget Categories"},{"value":"collection.shopby-color","label":"Widget Color Filter"},{"value":"collection.shopby-size","label":"Widget Size Filter"},{"value":"collection.shopby-price","label":"Widget Price Filter"},{"value":"collection-widget-tags","label":"Widget Tags"},{"value":"collection.shopby-brand","label":"Widget Brand"},{"value":"collection.shopby-banner","label":"Widget Banner"}]},{"type":"header","content":"Widget config"},{"type":"header","content":"Widget Categories"},{"type":"text","id":"widget_cate_title","label":"Heading Widget","default":"Categories"},{"type":"link_list","id":"widget_cate_menu","label":"Menu for Categories"},{"type":"header","content":"Widget Filter by Color"},{"type":"text","id":"shop_by_color_title","label":"Heading Widget","default":"Color Option"},{"type":"textarea","id":"shop_by_color_list_tags","info":"Shop by Color list tags is tags in product","label":"Shop by Color list tags"},{"type":"header","content":"Widget Filter by Price"},{"type":"text","id":"shop_by_price_title","label":"Heading Widget","default":"Price Filter"},{"type":"textarea","id":"shop_by_price_list_tags","info":"Shop by Price list tags is tags in product","label":"Shop by Price list tags"},{"type":"header","content":"Widget Filter by Size"},{"type":"text","id":"shop_by_size_title","label":"Heading Widget","default":"Size Option"},{"type":"textarea","id":"shop_by_size_list_tags","info":"Shop by Size list tags is tags in product","label":"Shop by Size list tags"},{"type":"header","info":"Brand is vendor in product","content":"Widget Filter by Brand"},{"type":"text","id":"shop_by_brand_title","label":"Widget Heading","default":"Brand"},{"type":"header","content":"Tag"},{"type":"text","id":"shop_by_tag_title","label":"Widget Heading","default":"Tags"},{"type":"header","content":"Widget Banner"},{"type":"url","id":"banner_url","label":"Banner Sidebar Url"},{"type":"image_picker","id":"banner_sidebar","label":"Banner Widget Image","info":"320 x 480px recommended"}]},{"name":"Product Page","settings":[{"type":"header","content":"Service box","info":"(Show for Product main layout 12)"},{"type":"checkbox","id":"show_servicebox","label":"Show Servicebox","default":true,"info":"[View Samples](https:\/\/www.shopify.com\/)"},{"type":"text","id":"icon_box_1","label":"Icon Box"},{"type":"text","id":"title_box_1","label":"Heading Box","default":"Why Choose Us ?"},{"type":"textarea","id":"content_box_1","label":"Content Box","default":"Official Herschel stockist Australian warranty assistance & support Australian shipping & returns.Customer first experienceEnvironmentally focused"},{"type":"text","id":"icon_box_2","label":"Icon Box"},{"type":"text","id":"title_box_2","label":"Heading Box","default":"Returns"},{"type":"textarea","id":"content_box_2","label":"Content Box","default":"Return this product within 100 days if you change your mind. Get a refund\/replacement & free return shipping if it arrives damaged or not as described."},{"type":"text","id":"icon_box_3","label":"Icon Box"},{"type":"text","id":"title_box_3","label":"Heading Box","default":"Shipping"},{"type":"textarea","id":"content_box_3","label":"Content Box","default":"Free if stated near price. $9.95 Australia wide (up to 10 items). $18.95 for Express Post (generally 1 business day)."},{"type":"header","content":"Product Sidebar Settings"},{"type":"checkbox","id":"enable_banner_sidebar","label":"Show Banner Sidebar","default":true},{"type":"image_picker","id":"banner_sidebar_prodpage","info":"320 x 480px recommended","label":"Banner Sidebar"},{"type":"url","id":"banner_sb_prod_url","label":"Banner Url"},{"type":"checkbox","id":"enable_best_product","label":"Enable Best Seller","default":true},{"type":"text","id":"best_product_title","label":"Heading","default":"Best Seller"},{"type":"collection","id":"best_product_collection_prodpage","label":"Select Collection"},{"type":"range","id":"best_product_limit","label":"Limit Products","min":2,"max":50,"step":1,"default":5},{"type":"header","content":"Config Details Info"},{"type":"checkbox","id":"show_sizeguide","label":"Show Size Guide","default":true},{"type":"html","id":"addcontent_sizeguide","label":"Content"},{"type":"checkbox","id":"show_delivery_return","label":"Show Delivery - Return","default":true},{"type":"html","id":"addcontent_delivery","label":"Content"},{"type":"checkbox","id":"show_question","label":"Show Ask a Question","default":true},{"type":"checkbox","id":"enable_description_tab","label":"Tab Description","default":true},{"type":"text","id":"destab_title","label":"Heading","default":"Description"},{"type":"checkbox","id":"enable_addition_tab","label":"Tab Addition","default":true},{"type":"text","id":"addtab_title","label":"Heading","default":"Additional Information"},{"type":"textarea","id":"addtab_content","label":"Content"},{"type":"checkbox","id":"enable_review_tab","label":"Tab Review","default":true},{"type":"paragraph","content":"After enabling reviews you will need to install the free [Shopify Product Reviews](https:\/\/apps.shopify.com\/product-reviews) app."},{"type":"text","id":"reviewtab_title","label":"Heading","default":"Review"},{"type":"checkbox","id":"enable_related_product","label":"Show Relate Product","default":true},{"type":"text","id":"related_product_title","label":"Heading","default":"Related products"},{"type":"range","id":"related_product_limit","label":"Limit products","min":2,"max":50,"step":1,"default":8},{"type":"header","content":"Config Upsell Product"},{"type":"checkbox","id":"ena_info_sale","label":"Show Promo Text","default":true},{"type":"textarea","id":"content_infosale","label":"Content"},{"type":"color","id":"color_content_infosale","label":"Color Content","default":"#008000"},{"type":"header","content":"Random Sold Items"},{"type":"checkbox","id":"ena_random_sold_item","label":"Show","default":true},{"type":"text","id":"min_prod1","label":"Min Sold","default":"5"},{"type":"text","id":"max_prod1","label":"Max Sold","default":"30"},{"type":"paragraph","content":"It will run in approx min -> max"},{"type":"text","id":"random_text1","label":"Text Random 1","default":"sold in last"},{"type":"text","id":"min_prod2","label":"Min Hour","default":"5"},{"type":"text","id":"max_prod2","label":"Max Hour","default":"30"},{"type":"paragraph","content":"It will run in approx min -> max"},{"type":"text","id":"random_text2","label":"Text Random 2","default":"Hour"},{"type":"range","id":"settime_random_sold","label":"Set Time to Random Sold Items","min":2,"max":50,"step":1,"unit":"s","default":5},{"type":"header","content":"Hurry Stock Countdown"},{"type":"checkbox","id":"ena_countdown","label":"Show","default":true},{"type":"text","id":"max_product","label":"Max Product Remaining ","default":"30"},{"type":"paragraph","content":"It will run from Max -> 0"},{"type":"text","id":"countdown_text1","label":"Countdown text 1","default":"HURRY! ONLY"},{"type":"text","id":"countdown_text2","label":"Countdown text 2","default":"LEFT IN STOCK"},{"type":"range","id":"settime_hurry_stock","label":"Set Time to Hurry Stock Countdown","min":2,"max":70,"step":1,"unit":"s","default":10},{"type":"header","content":"Random Visitor"},{"type":"checkbox","id":"ena_random_visit","label":"Show","default":true},{"type":"text","id":"min_visit","label":"Min","default":"5"},{"type":"text","id":"max_visit","label":"Max","default":"30"},{"type":"paragraph","content":"It will run in approx min -> max"},{"type":"text","id":"visit_text1","label":"Visit text 1","default":"Real time"},{"type":"text","id":"visit_text2","label":"Visit text 2","default":"visitor right now"},{"type":"range","id":"settime_random_visitor","label":"Set Time to Random Visitor","min":2,"max":50,"step":1,"unit":"s","default":5},{"type":"image_picker","id":"trust_badge","label":"Image trust sale badge","info":"500 x 102px recommended"}]},{"name":"Breadcrumb Style 3 Collection ","settings":[{"type":"header","content":"Collection 1"},{"type":"image_picker","id":"img_col_1","info":"110 x 110px recommended","label":"Image Collection"},{"type":"text","id":"title_col_1","label":"Heading","default":"New In"},{"type":"color","id":"color_title_col_1","label":"Color Heading","default":"#000"},{"type":"url","id":"link_collection_1","label":"Url"},{"type":"header","content":"Collection 2"},{"type":"image_picker","id":"img_col_2","info":"110 x 110px recommended","label":"Image Collection"},{"type":"text","id":"title_col_2","label":"Heading","default":"New In"},{"type":"color","id":"color_title_col_2","label":"Color Heading","default":"#000"},{"type":"url","id":"link_collection_2","label":"Url"},{"type":"header","content":"Collection 3"},{"type":"image_picker","id":"img_col_3","info":"110 x 110px recommended","label":"Image Collection"},{"type":"text","id":"title_col_3","label":"Heading","default":"New In"},{"type":"color","id":"color_title_col_3","label":"Color Heading","default":"#000"},{"type":"url","id":"link_collection_3","label":"Url"},{"type":"header","content":"Collection 4"},{"type":"image_picker","id":"img_col_4","info":"110 x 110px recommended","label":"Image Collection"},{"type":"text","id":"title_col_4","label":"Heading","default":"New In"},{"type":"color","id":"color_title_col_4","label":"Color Heading","default":"#000"},{"type":"url","id":"link_collection_4","label":"Url"},{"type":"header","content":"Collection 5"},{"type":"image_picker","id":"img_col_5","info":"110 x 110px recommended","label":"Image Collection"},{"type":"text","id":"title_col_5","label":"Heading","default":"New In"},{"type":"color","id":"color_title_col_5","label":"Color Heading","default":"#000"},{"type":"url","id":"link_collection_5","label":"Url"},{"type":"header","content":"Collection 6"},{"type":"image_picker","id":"img_col_6","info":"110 x 110px recommended","label":"Image Collection"},{"type":"text","id":"title_col_6","label":"Heading","default":"New In"},{"type":"color","id":"color_title_col_6","label":"Color Heading","default":"#000"},{"type":"url","id":"link_collection_6","label":"Url"},{"type":"header","content":"Collection 7"},{"type":"image_picker","id":"img_col_7","info":"110 x 110px recommended","label":"Image Collection"},{"type":"text","id":"title_col_7","label":"Heading","default":"New In"},{"type":"color","id":"color_title_col_7","label":"Color Heading","default":"#000"},{"type":"url","id":"link_collection_7","label":"Url"},{"type":"header","content":"Collection 8"},{"type":"image_picker","id":"img_col_8","info":"110 x 110px recommended","label":"Image Collection"},{"type":"text","id":"title_col_8","label":"Heading","default":"New In"},{"type":"color","id":"color_title_col_8","label":"Color Heading","default":"#000"},{"type":"url","id":"link_collection_8","label":"Url"},{"type":"header","content":"Collection 9"},{"type":"image_picker","id":"img_col_9","info":"110 x 110px recommended","label":"Image Collection"},{"type":"text","id":"title_col_9","label":"Heading","default":"New In"},{"type":"color","id":"color_title_col_9","label":"Color Heading","default":"#000"},{"type":"url","id":"link_collection_9","label":"Url"},{"type":"header","content":"Collection 10"},{"type":"image_picker","id":"img_col_10","info":"110 x 110px recommended","label":"Image Collection"},{"type":"text","id":"title_col_10","label":"Heading","default":"New In"},{"type":"color","id":"color_title_col_10","label":"Color Heading","default":"#000"},{"type":"url","id":"link_collection_10","label":"Url"}]},{"name":"Breadcrumb Style 4 Collection ","settings":[{"type":"color","id":"bg_color_listcol","label":"Background Color","default":"#fbf3ed"},{"type":"header","content":"Collection 1"},{"type":"text","id":"banner_title_1","label":"Heading","default":"New In"},{"type":"color","id":"color_title_1","label":"Color Heading","default":"#000"},{"type":"url","id":"url_collection_1","label":"Url"},{"type":"header","content":"Collection 2"},{"type":"text","id":"banner_title_2","label":"Heading","default":"New In"},{"type":"color","id":"color_title_2","label":"Color Heading","default":"#000"},{"type":"url","id":"url_collection_2","label":"Url"},{"type":"header","content":"Collection 3"},{"type":"text","id":"banner_title_3","label":"Heading","default":"New In"},{"type":"color","id":"color_title_3","label":"Color Heading","default":"#000"},{"type":"url","id":"url_collection_3","label":"Url"},{"type":"header","content":"Collection 4"},{"type":"text","id":"banner_title_4","label":"Heading","default":"New In"},{"type":"color","id":"color_title_4","label":"Color Heading","default":"#000"},{"type":"url","id":"url_collection_4","label":"Url"},{"type":"header","content":"Collection 5"},{"type":"text","id":"banner_title_5","label":"Heading","default":"New In"},{"type":"color","id":"color_title_5","label":"Color Heading","default":"#000"},{"type":"url","id":"url_collection_5","label":"Url"},{"type":"header","content":"Collection 6"},{"type":"text","id":"banner_title_6","label":"Heading","default":"New In"},{"type":"color","id":"color_title_6","label":"Color Heading","default":"#000"},{"type":"url","id":"url_collection_6","label":"Url"},{"type":"header","content":"Collection 7"},{"type":"text","id":"banner_title_7","label":"Heading","default":"New In"},{"type":"color","id":"color_title_7","label":"Color Heading","default":"#000"},{"type":"url","id":"url_collection_7","label":"Url"},{"type":"header","content":"Collection 8"},{"type":"text","id":"banner_title_8","label":"Heading","default":"New In"},{"type":"color","id":"color_title_8","label":"Color Heading","default":"#000"},{"type":"url","id":"url_collection_8","label":"Url"},{"type":"header","content":"Collection 9"},{"type":"text","id":"banner_title_9","label":"Heading","default":"New In"},{"type":"color","id":"color_title_9","label":"Color Heading","default":"#000"},{"type":"url","id":"url_collection_9","label":"Url"},{"type":"header","content":"Collection 10"},{"type":"text","id":"banner_title_10","label":"Heading","default":"New In"},{"type":"color","id":"color_title_10","label":"Color Heading","default":"#000"},{"type":"url","id":"url_collection_10","label":"Url"}]},{"name":"404 Page","settings":[{"type":"image_picker","id":"bg_error","label":"Background Image Page","info":"1920 x 510px recommended"},{"type":"text","id":"title_page","label":"Heading Page","default":"404"},{"type":"text","id":"des_page","label":"Description","default":"Oops! That page can’t be found."},{"type":"text","id":"sub_page","label":"Sub Page","default":"THE PAGE YOU ARE LOOKING FOR DOES NOT EXITS"},{"type":"text","id":"sub_title_404","label":"SubHeading","default":"Please return to"},{"type":"text","id":"sub_link","label":"Sub link","default":"Home page"},{"type":"text","id":"search_placeholder","label":"Placeholder Search","default":"Search"}]},{"name":"Password Page","settings":[{"type":"color","id":"password_color","label":"Background Color","default":"#303030"},{"type":"text","id":"password_title","label":"Heading password page","default":"COMING SOON"},{"type":"text","id":"description_password_title","label":"description password page","default":"We Working On This Page"},{"type":"header","content":"Social Media"},{"type":"text","id":"icon_pass_1","label":"Icon 1","default":"fa fa-twitter","info":"[Get icon in here](https:\/\/fontawesome.com\/v4.7.0\/icons)"},{"type":"url","id":"url_pass_1","label":"URL social media 1"},{"type":"text","id":"icon_pass_2","label":"Icon 2","default":"fa fa-dribbble","info":"[Get icon in here](https:\/\/fontawesome.com\/v4.7.0\/icons)"},{"type":"url","id":"url_pass_2","label":"URL social media 2"},{"type":"text","id":"icon_pass_3","label":"Icon 3","default":"fa fa-behance","info":"[Get icon in here](https:\/\/fontawesome.com\/v4.7.0\/icons)"},{"type":"url","id":"url_pass_3","label":"URL social media 3"},{"type":"text","id":"icon_pass_4","label":"Icon 4","default":"fa fa-instagram","info":"[Get icon in here](https:\/\/fontawesome.com\/v4.7.0\/icons)"},{"type":"url","id":"url_pass_4","label":"URL social media 4"}]},{"name":"MailChimp","settings":[{"type":"text","id":"newsletter_form_action","label":"MailChimp form action URL"}]},{"name":"Google Maps","settings":[{"id":"gmap_key","type":"text","default":"AIzaSyCEkQ6AW_lnHAzPiXPdSNy1GKXiI1I9AGg","info":"If your store experiences more than 2,500 visitors a day, you’ll need to generate both [JavaScript](https:\/\/developers.google.com\/maps\/documentation\/javascript\/get-api-key) and [Geocoding](https:\/\/developers.google.com\/maps\/documentation\/geocoding\/get-api-key) API keys","label":"Google Maps API key"},{"type":"text","id":"gmap_latitude","label":"Google Map Latitude","default":"33.3209127"},{"type":"text","id":"gmap_longitude","label":"Google Map Longitude","default":"-111.8005377"}]},{"name":"Menu Toolbar Mobile","settings":[{"type":"checkbox","id":"show_menu_toolbar","label":"Show","default":true}]}]